"SAMPLE_ID","hh_activation_score","hh_ligand_score","ARG1_log","MRC1_log","CD80_log","FOXP3_log","CD8A_log","CD274_log","PDCD1_log","CCL22_log","CCL17_log","CCL5_log","CXCL10_log","arg1_cxcl10_ratio_old","mrc1_cd8a_ratio_old","arg1_cxcl10_ratio_corrected","mrc1_cd8a_ratio_corrected"
"TCGA-04-1348-01",-1.0184436728516,-0.4881666022837,1,7.25935975749982,4.89179475054874,6.95493475121687,8.993198731651,4.94178011657108,6.52252078976565,3.86423817319303,3.11101364110509,10.4563351952638,11.3959572474893,-2.63179777921087,-0.274916593159709,-10.3959572474893,-1.73383897415118
"TCGA-04-1357-01",-0.322477321476796,-0.4881666022837,1,6.75303747510692,4.9265461882627,7.02972001824757,10.5648625724449,6.20294537842966,8.28968085361325,6.472420061941,3.57794565394189,12.2639306502486,11.826806118447,-2.68109007819867,-0.576914578778139,-10.826806118447,-3.81182509733798
"TCGA-04-1362-01",-0.23971912039963,0.869059836540973,1.28425619236398,5.32461693519201,3.30350744615516,6.12928054726362,5.40930849786404,2.36416426465199,3.04103060345596,2.78403137815032,1.47347503880374,7.86923760554283,10.4303463599348,-2.32307274908691,-0.0191906101105803,-9.14609016757084,-0.0846915626720251
"TCGA-04-1364-01",-0.14574507775259,0.923062006802793,1,4.40376299129719,1.78497838354828,3.81038183514597,2.89543965458013,1.59908381746834,1,1,1,4.45512339169705,5.25456787755124,-1.64491021333607,0.472178233847474,-4.25456787755124,1.50832333671706
"TCGA-04-1365-01",-0.63988992657393,-0.286246290289759,1,6.0466509085819,4.76898401018588,6.28342028412449,8.25712388839952,3.99033295002566,6.59323510279368,4.89337984426236,3.77124769109739,10.5506654581903,12.6007734114136,-2.76561678791337,-0.393626285059598,-11.6007734114136,-2.21047297981762
"TCGA-04-1514-01",1.32563305164081,0.89491316259221,1,4.91868717496558,1.60553343585075,4.83562552965278,6.02946162611303,4.67618195695045,2.8587686273474,1,1,4.46363941850722,6.42821409385573,-1.89301539681517,-0.24813699319682,-5.42821409385573,-1.11077445114745
"TCGA-04-1519-01",0.953631554417002,-0.280574849836181,1,4.83436177524728,1.33942326142712,3.79433702232645,4.21387458694642,1.83335023080561,1.23732274658508,1,1,6.15187147582022,7.25409687035121,-2.04511036996055,0.162218966069075,-6.25409687035121,0.620487188300862
"TCGA-09-0364-01",1.71545311335061,2.53867126167877,1.57986100797493,5.43818072525756,1.35424262915976,3.5317204130073,3.87871179671562,1,1,1.7349086077465,1,2.1666884813021,2.95376936298385,-0.615935374718353,0.400152814544056,-1.37390835500893,1.55946892854194
"TCGA-09-0366-01",-0.262229729995514,-0.317822023672168,1,8.56443615062089,3.47699998106618,4.88239087326469,6.69106214107167,4.16795055130477,6.64366869857731,2.80414364677563,3.40081238796385,8.33381558678771,11.7230270134245,-2.66937004677679,0.314497071161723,-10.7230270134245,1.87337400954922
"TCGA-09-0367-01",-0.965374158829481,-0.4881666022837,1,5.74901314453395,2.8936884839365,3.5012476069687,5.84637729518742,1.3874555924131,3.27957356283308,3.45459144934721,4.0871864027654,9.30649372470712,11.2626360176278,-2.6161972338492,-0.0206642360761129,-10.2626360176278,-0.0973641506534661
"TCGA-09-0369-01",0.745606163477556,-0.4881666022837,1,7.76560256604639,2.16046493632175,3.55745896674918,4.3852964476062,1,1,1.42135360361243,1,5.50436061098059,7.02371174572621,-2.00426977762492,0.702827504455283,-6.02371174572621,3.38030611844019
"TCGA-09-1659-01",-0.363130409838638,-0.4881666022837,1,6.94014693853285,3.438772539788,4.5147382836003,6.56329193001652,2.99513733300591,5.41315269079323,1.88111807220289,1,9.04412201228489,11.3674917755873,-2.62848103498844,0.070151400266611,-10.3674917755873,0.376855008516329
"TCGA-09-1662-01",0.383409673387624,-0.4881666022837,1,7.23069111209524,2.91583155896521,4.70658518732389,6.60169058942125,4.38164775771369,2.33976902351622,4.62696777492207,2.67774330478424,9.36637032008284,8.54001738992277,-2.25399189603503,0.114693270923976,-7.54001738992277,0.62900052267399
"TCGA-09-1666-01",-0.459213547987474,-0.4881666022837,1,7.34567544996104,4.09328985116563,5.549359567015,7.65309908992068,5.94938748349174,4.83751778753141,2.95255411817138,1.15714696459347,9.33192772500785,11.9743446191806,-2.69758975959473,-0.0521881060292193,-10.9743446191806,-0.307423639959634
"TCGA-09-1667-01",-0.806313263109781,-0.4881666022837,1,7.99886632012155,4.88213508679141,6.32414362822656,8.05019036292048,6.17026902856966,5.90993928307084,4.66086971257942,1.89370650892843,10.0489926042007,12.8149729608538,-2.78816083334756,-0.00820487662053157,-11.8149729608538,-0.0513240427989237
"TCGA-09-1668-01",0.0279995254338811,-0.4881666022837,1,7.50715908488893,6.22871828765963,7.27926130083194,7.93776411193262,6.03048053671132,5.44051700610157,5.70137187629664,6.64355551291455,10.0684527270629,11.8080486991013,-2.67897879331782,-0.0712365362884242,-10.8080486991013,-0.430605027043695
"TCGA-09-1669-01",0.610495983677938,0.831740174179582,1,7.8642239451472,4.71996445925732,5.93825948101369,7.9717179453121,4.32506530455074,5.84583350090858,4.97753002969521,3.00905564076948,9.55678429949349,11.2887480034471,-2.61926603409454,-0.0173899354015843,-10.2887480034471,-0.10749400016489
"TCGA-09-1670-01",-0.277437340241746,-0.485178103333222,1,6.63205690633742,4.65575348878661,4.83954962804509,6.2642054990201,4.85635772097976,3.61207543376886,3.31781289032812,1.05255653702713,8.04291754988641,9.60898939602507,-2.40721532769194,0.0712669124574878,-8.60898939602507,0.367851407317318
"TCGA-09-1673-01",1.61068913710346,-0.4881666022837,3.77533137186539,6.98933795542943,3.54971299305023,1.91939648044484,5.34350449477483,3.62983768190671,1.71185143010396,1,1,7.24146987924862,9.56000040676656,-1.14493713641374,0.332795874393448,-5.78466903490117,1.6458334606546
"TCGA-09-1674-01",0.0914596517211252,0.320394344560459,1,5.53440371920887,1.33274275656513,4.1839028031816,3.52516131755377,2.56244056139587,3.4896977587481,1,1,4.24118420727052,6.93853703032293,-1.98887316183095,0.530086368699287,-5.93853703032293,2.0092424016551
"TCGA-09-2044-01",-0.455025193613389,-0.4881666022837,2.94487397195145,7.44770015042766,6.26035968388828,6.08970831395416,7.5488917584383,4.35730521681599,4.83883030055173,2.8918377500411,1,8.84018122133393,10.8524203450534,-1.58713058148792,-0.0171787799310204,-7.90754637310196,-0.101191608010644
"TCGA-09-2045-01",0.0605257580265761,-0.382984961719647,1,5.61774681998564,4.23485285820857,4.9646688782759,6.19301322556329,4.98963207444948,2.57246656974732,3.07222160510536,1,7.5643357299585,9.9505695788436,-2.45293400646743,-0.120256158285019,-8.9505695788436,-0.575266405577646
"TCGA-09-2051-01",-0.488944478730324,0.0429517020127853,1,6.28275434134971,5.45437736422726,5.80798173779325,6.53282407269144,4.93190154960479,4.18985002283854,3.92367908076991,1,8.80485130746149,11.7908158860511,-2.6770363870364,-0.0487066543081773,-10.7908158860511,-0.250069731341731
"TCGA-09-2054-01",0.495951869395134,-0.360999871590992,1,7.45985453383662,3.55746373544777,4.70900186493403,5.81323401106561,3.64732742634333,3.45536322060574,1.60408328696503,1,6.62880267330247,7.72919057903917,-2.12584788504089,0.312293097383136,-6.72919057903917,1.64662052277101
"TCGA-10-0928-01",0.675188828537824,0.798879002138805,1,4.67079247067068,1.87980711167091,2.04072298493169,3.36989604792553,2.66587745915335,3.14150302352173,4.55022915243551,2.09184892574141,6.36930618134065,7.12336398947226,-2.02207728971365,0.375951399165661,-6.12336398947226,1.30089642274515
"TCGA-10-0936-01",-0.546277603065292,0.944598720748738,1,4.43430462493306,3.74806671716599,6.70546615614408,6.61922100366042,3.77526827644027,6.87650134537437,4.1478126736353,3.83015199011408,9.105203262338,10.7362997966472,-2.55290572425022,-0.487548063336,-9.73629979664717,-2.18491637872736
"TCGA-13-0730-01",0.744372029790174,-0.4881666022837,1,6.6177937059557,4.36849490278622,4.40761574152918,8.1386283870716,3.27752847429331,3.66395779274594,4.3506459895576,1,9.2542103794567,9.38217924502099,-2.37603739561556,-0.262604428578745,-8.38217924502099,-1.5208346811159
"TCGA-13-0799-01",-0.0614407951070586,-0.382545256844778,1,4.57980759735547,2.29199676531218,5.04960577889164,5.52521198865903,5.13792986166771,2.9767331061391,3.85996927814127,4.40824414695995,7.10805422147393,12.3456743809126,-2.7383003041826,-0.225809396209143,-11.3456743809126,-0.945404391303558
"TCGA-13-0800-01",-0.120486920662217,0.687083686981915,1,2.97917751516031,1.18454451833254,3.74850232496017,6.23488790674864,2.47907000452795,1.49103027714183,1.21217619072088,1.02716174775137,3.79879774051774,6.04289620024722,-1.81616882012721,-0.86250040406922,-5.04289620024722,-3.25571039158833
"TCGA-13-0801-01",-1.1190860786679,-0.4881666022837,1,7.50159740283218,4.97972156110111,5.70207208802369,7.50399374336578,4.41133832264608,5.90168613216017,3.7154702048589,2.6419501682172,10.2644895718973,12.6105683042518,-2.76665540218544,-0.000406594348561061,-11.6105683042518,-0.00239634053360152
"TCGA-13-0890-01",0.265508899699675,0.864285272066485,1,7.05017031358963,4.39722328704725,6.32698832767286,6.94345714427943,3.99842780314965,6.40119376445372,4.05099434746986,1.82998222133996,8.89925046415994,10.3083842551356,-2.49932090629961,0.0192522734751545,-9.30838425513561,0.106713169310205
"TCGA-13-0893-01",-0.869232954761898,-0.4881666022837,1,7.19662169914592,4.46275361092949,5.7009453117486,7.52531174219687,4.54599032616354,4.36065309608747,2.57929591143084,1.66070965946818,11.3157281930763,10.7855950361706,-2.55895269471948,-0.0567231752973729,-9.78559503617055,-0.328690043050946
"TCGA-13-0897-01",-0.997502145495656,0.920387897913817,1,6.94035380433644,3.80375081221806,6.30542450787288,6.94472447932835,4.35428810587074,5.1781677479903,3.17156977817125,1.01593738471257,9.18393580771447,10.1371424142367,-2.47730720605191,-0.000793896156214497,-9.13714241423666,-0.00437067499191009
"TCGA-13-0899-01",-0.209039029361371,0.0751249255591181,1,3.89841879136206,3.00716432481138,4.81844719617303,5.65596116308711,3.04252522397038,4.03053720086429,3.80797945213725,3.11197395371504,8.78899170053229,9.14543338761196,-2.34275858963239,-0.442330892816631,-8.14543338761196,-1.75754237172505
"TCGA-13-0913-01",0.0750327275294067,0.683076480506263,1,3.45619183336314,2.1984712589015,4.71497764663096,4.780649117347,3.12780121772933,3.33999816656392,2.92367908076992,1.93966882535904,6.73954057223736,7.74416921709863,-2.12832132030383,-0.375420163916954,-6.74416921709863,-1.32445728398387
"TCGA-13-0916-01",0.271302927939882,-0.4881666022837,1,4.10689483782188,3.89133332425995,5.79935290420268,7.85474586711898,5.11696331479701,6.49835587379909,2.47903193421656,1,9.45121991288713,13.2066776738213,-2.82849730506917,-0.794004550853303,-12.2066776738213,-3.7478510292971
"TCGA-13-0920-01",-0.713333177724037,0.239357900068652,1,6.63761067485033,2.52465457144682,4.27442124218655,6.6590889012779,3.88839916172651,3.68765735710178,3.60857391942415,2.12391558099664,8.49274055571402,10.2577740580687,-2.49284969381109,-0.00405140350223842,-9.2577740580687,-0.0214782264275751
"TCGA-13-0924-01",-0.27089730354441,-0.437555457848072,1,6.78709613152813,3.16825501480504,6.03148021071226,8.31060700311345,2.87127136967736,6.99255977835538,5.54843295188018,5.08156873782289,9.82494141735188,11.2362911185508,-2.61309443104562,-0.257789790641566,-10.2362911185508,-1.52351087158532
"TCGA-13-1403-01",-0.416190654595601,-0.4881666022837,1,5.75441760674261,3.49005466854489,4.00455903834752,4.47064726863138,3.69833278232145,3.52502167069947,1.79209996719121,1.02945532223723,7.22636521080326,8.3843497701207,-2.23025678598094,0.304119841947031,-7.3843497701207,1.28377033811124
"TCGA-13-1405-01",-0.184077592665925,-0.392461690141015,1,6.20367044795155,3.28436071216227,4.73861977077239,8.03339370294116,3.26206099822989,4.94815095892435,4.51524630680582,2.59028930759625,9.5756018472777,10.5651763330727,-2.53171535765439,-0.326535904583793,-9.56517633307272,-1.82972325498961
"TCGA-13-1410-01",-0.584743823906263,-0.4881666022837,1.75759165964682,5.07102567396954,4.58280922631783,6.23843705510562,5.72617817033963,4.55230878731873,3.90348607781669,4.07977449807167,1,8.88251591273135,12.8528786067131,-2.32870505172423,-0.147846720785282,-11.0952869470663,-0.655152496370095
"TCGA-13-1411-01",-0.801689178224301,-0.4881666022837,1,7.76156196366592,4.6698343853148,6.21340149440696,8.3943925098339,5.41896117354434,6.10714140358238,4.17151215117546,1.30799251460626,10.3754500321313,9.85734876186396,-2.44059995170602,-0.100611783925517,-8.85734876186396,-0.632830546167974
"TCGA-13-1481-01",0.501575001716646,1.19604515894375,1,6.49671240147878,2.97278483098933,6.20682421484226,6.48824073065355,3.28024174568004,3.86815882890742,3.87680465730934,3.18906763104756,9.0904810183438,9.33613436534091,-2.36962482457431,0.00163124151032853,-8.33613436534091,0.00847167082523762
"TCGA-13-1497-01",-0.431526316389798,-0.4881666022837,1,5.27610703918519,3.96900216864666,5.29638261116879,6.82662549085281,4.11923414849929,3.86690165380463,3.5858163060117,1.67878063825703,9.11374621856133,12.3329284322489,-2.73692178234199,-0.318520454906062,-11.3329284322489,-1.55051845166762
"TCGA-13-1498-01",-0.713122076210136,-0.262474977577282,1,5.84691012452424,3.08159073903142,5.91055345803754,8.02619477803588,5.25669590329137,5.14431174914026,4.85726891573126,3.14211485839283,10.3612383651715,12.7781574535779,-2.78431106490925,-0.398664835965776,-11.7781574535779,-2.17928465351164
"TCGA-13-1505-01",0.630242364348677,-0.4881666022837,1,6.27296693885973,3.98917201912504,4.99231163849787,7.03700195049304,4.36362000545817,4.13817682742601,4.99818708763925,3.10313243463572,8.30557853786113,9.13916981063676,-2.34186762502843,-0.144113413854325,-8.13916981063676,-0.764035011633305
"TCGA-13-1506-01",-0.763099047917496,0.333446359512472,1,6.1861514948858,2.60644448056852,5.94782072242928,5.21155028824063,4.04349398330408,3.28069173337303,1.90673119603494,2.29393674890152,8.96423831527658,10.5498173963524,-2.52979813757117,0.210265966416814,-9.54981739635236,0.974601206645179
"TCGA-13-1507-01",-1.25767075799271,-0.0630743755532131,1,7.12830965046625,6.05781224474159,7.00564874230704,7.80045389024103,5.6776331814798,4.92759666503508,3.92118306796585,1.70215750335762,10.352940967693,13.4904918635597,-2.85703466128495,-0.114622570715437,-12.4904918635597,-0.672144239774784
"TCGA-13-1511-01",-0.191330281567689,-0.219028906861386,1.24737913492682,5.93579589058191,3.8568263081213,4.2112342161292,4.90223001653337,5.88868054485525,2.75841650033539,1.36602573180718,1,6.96929131024181,8.72729180194864,-2.1137946677812,0.232801297657172,-7.47991266702182,1.03356587404854
"TCGA-13-1512-01",-0.99090512231822,-0.4881666022837,1,6.0574171340774,3.8832247936263,6.16371561144035,6.84175901783828,3.86995938899224,4.88288489876253,3.98101600806749,2.16255007016783,9.43303625963147,11.1670106401966,-2.60490284516361,-0.15203702350115,-10.1670106401966,-0.784341883760873
"TCGA-13-2060-01",-1.30862878228653,-0.4881666022837,1.18389737741433,7.7763973416699,4.65025552997169,6.33427371346098,8.20111571777943,5.21599916717568,5.40198962816265,4.18719114293137,1.90632173049778,10.0187404350468,14.1299350121649,-2.79242882083964,-0.0681799678462259,-12.9460376347505,-0.424718376109536
"TCGA-13-A5FT-01",0.164740906373402,1.21659497096994,1,3.37241514146618,3.24526376506614,5.45819525502253,4.34572620993611,3.72458483672118,2.94800747006784,4.03490158729291,1,6.46446364476669,11.4845045942386,-2.64206666876737,-0.289955564477769,-10.4845045942386,-0.973311068469934
"TCGA-20-1682-01",-0.470215325775917,-0.4881666022837,5.03870083264444,7.68019950719089,3.68110335202825,5.85491545465097,8.11846056368132,4.03973428253134,5.29043623879994,4.99818708763925,2.58154262794357,9.61220582102549,9.91363121288333,-0.853821092595815,-0.0710620778245149,-4.87493038023889,-0.438261056490425
"TCGA-20-1683-01",0.476849832740371,-0.4881666022837,5.68327583928119,7.0699105034835,2.98949986710756,4.02164523516343,7.0573474850934,4.00016214871806,3.1724795716995,3.05601145543064,2.07951280634212,7.07857374620026,7.72499226301997,-0.384598432134871,0.00224769864896091,-2.04171642373878,0.0125630183901045
"TCGA-20-1684-01",-0.332060512658562,-0.19202480029333,1,6.37589701248295,1.86356855982732,3.28222553837937,3.10630570274475,3.34417835756726,1.42292775829639,2.16522983085961,1.49665525826425,4.93334364008233,9.49512761795103,-2.39164780441078,0.844977475999576,-8.49512761795103,3.2695913097382
"TCGA-20-1685-01",0.194406358902403,0.424925627559056,1,7.98549012402514,4.60780532750756,5.31225631750598,6.58096628480098,3.76032582118774,4.15482045863934,3.76206228505223,2.36736639229081,8.55607607408461,10.7370899897607,-2.55300285616828,0.245215450512482,-9.73708998976066,1.40452383922417
"TCGA-20-1687-01",-0.419480617118058,-0.4881666022837,1,4.38217145500175,2.37435747959343,5.1508099765636,6.33902915528046,4.70160957830018,3.09095975110119,5.10607338182872,3.46192179535261,8.40490402032327,9.43805052590164,-2.38378038541228,-0.447400878181278,-8.43805052590164,-1.95685770027871
"TCGA-23-1023-01",0.900482711207061,0.218614058334295,1,8.17572116324585,2.00304733136095,4.35418285144958,7.21803402175749,3.93861353869047,5.25835761993492,4.18717847504383,1.22366127381447,9.30560278870859,11.6314638299595,-2.65894993415925,0.159028247509518,-10.6314638299595,0.957687141488355
"TCGA-23-1026-01",-0.734436250825937,-0.4881666022837,1,7.6172228868901,3.61692648340858,6.30009121841112,7.88253874040646,4.26020540406689,4.32122368829035,4.14215814629687,1,10.0999761976014,11.428886709059,-2.6356251707427,-0.0437490756819517,-10.428886709059,-0.265315853516356
"TCGA-23-1027-01",-0.0769374945022243,-0.470479616454554,1,5.6089929161225,4.72584533815034,4.96463358091188,5.45070728384645,3.38414544326257,4.46721698870639,3.52940535528233,1,8.52887489372327,10.859372277849,-2.56795574426529,0.0349730967798854,-9.85937227784904,0.15828563227605
"TCGA-23-1029-01",0.684575277899313,1.27175956023225,1,7.47106640815374,4.30333546265668,3.98628782189347,5.25378503314259,5.89401171206774,2.53912487287071,2.66885706010108,1.28154400496713,6.25903690606351,11.6959005603754,-2.66629082842395,0.437813970328344,-10.6959005603754,2.21728137501115
"TCGA-23-1109-01",-0.0761915542179676,-0.4881666022837,1,6.34204149242266,2.66478268672139,5.48492002265945,6.64800950148818,2.69424793711364,4.22327020126652,6.6345361049101,7.22590293926962,8.70640487914871,9.71689041111532,-2.42181445224542,-0.0589030480183672,-8.71689041111532,-0.305968009065526
"TCGA-23-1111-01",-0.205288526549016,0.0187432942227689,1,5.53448593771857,1.62702140893174,5.66160751176815,4.02021979523113,3.49920461521081,6.59289646121666,1,1,5.61601774538754,8.01463647320057,-2.17226931429929,0.380323215306475,-7.01463647320057,1.51426614248744
"TCGA-23-1114-01",0.69131190921995,-0.286538046092623,1.27290835861504,6.37689847927739,2.04193979950437,4.1835813666605,2.65465605551356,2.80737074552676,1.74796758347317,2.06957147189271,2.26490532357012,5.42260027982166,8.03681209805812,-1.9912744078236,1.01327874281366,-6.76390373944308,3.72224242376383
"TCGA-23-1120-01",-0.0152228291422812,-0.4881666022837,1,6.94164604400874,6.04854576633322,6.05898316962397,7.89861637939347,5.47336481550384,6.09615185705394,2.2094844087152,1.30768774348721,10.1766927035101,12.477517450079,-2.75248287239376,-0.164142971005492,-11.477517450079,-0.956970335384734
"TCGA-23-1122-01",-0.127554986787718,-0.4881666022837,1,6.49608631952655,3.4968588745795,4.51572152856725,4.62112611160335,4.60308946249076,2.85907389963928,3.55849873833036,2.32073510916336,8.18276121994978,10.1197767035573,-2.47505591245373,0.415278383569053,-9.11977670355731,1.8749602079232
"TCGA-23-1123-01",0.127382472794864,-0.4881666022837,1,7.323840159134,5.54926586345701,6.92301048841798,8.58665340539844,5.40632644106369,6.69059261485588,4.49566297938506,1.58451440196852,10.1938377077805,13.4869925236237,-2.85668621969291,-0.203778012672451,-12.4869925236236,-1.26281324626444
"TCGA-23-1809-01",1.4527228846186,1.54729597076198,1.64495929169468,6.26038538117854,2.33263040326339,6.33089578765682,5.06960090805201,3.96250520915948,4.7742422609447,4.39430608419718,1,7.01126310518366,8.72464701583189,-1.87840036612892,0.258444469819278,-7.07968772413722,1.19078447312654
"TCGA-23-2077-01",-0.0389871517522449,-0.4881666022837,1.02022153068532,6.43266597931881,4.30625639749191,5.88259638511299,6.16175264443004,4.18691027573014,3.57794347949063,3.43375021509123,5.34794909697414,9.11083248269474,11.2594388025086,-2.60130753078258,0.0535670842819892,-10.2392172718233,0.270913334888771
"TCGA-23-2078-01",0.753870765455609,0.00663137003473441,1,7.11148349687519,4.46105346722344,6.21197038558209,8.29633811160204,4.46316021535086,5.69583706857023,4.95493696624944,1.68892595057047,9.19091299705691,9.72090375178693,-2.42235462225619,-0.196696750228442,-8.72090375178693,-1.18485461472685
"TCGA-23-2081-01",-0.339607762110089,-0.231255596469587,1.20259297105758,5.92781602563466,1.73171512286179,3.69657178510698,5.89775313955402,3.48868583683355,3.55576649104544,2.1991442592533,1,6.38889677557637,7.42591804719785,-1.93563096758663,0.00627412072541141,-6.22332507614027,0.0300628860806425
"TCGA-23-2084-01",-0.100246951844576,-0.4881666022837,1,5.98047820945252,5.60824860277342,5.55447187148565,5.29798778625855,5.33061422566393,2.77163467795723,2.21441551224182,1,8.27345052315619,11.2263753284746,-2.61192485601308,0.148434914436309,-10.2263753284746,0.682490423193967
"TCGA-24-0975-01",-0.452797978192426,-0.4881666022837,1,7.57515413789671,1.73171512286179,5.99516209072282,6.51710099774856,2.32393966557897,3.8652526609176,3.65763675046488,2.14655234811671,9.01552931364082,8.67584914894761,-2.27438827719695,0.189986216249452,-7.67584914894761,1.05805314014814
"TCGA-24-1103-01",-0.0774597610683967,1.12144186460136,1,3.57443957826163,1.89571282808113,3.12545880289921,5.85204169128877,2.68297096827296,2.78376838185628,1,1.33000866293618,7.57284393109513,8.67084012060492,-2.27364122426087,-0.582938922135749,-7.67084012060492,-2.27760211302714
"TCGA-24-1413-01",0.141398715249549,0.675505625953947,1,6.53277036844678,3.86377073012825,4.64495925385095,5.06057849367187,5.93383226997679,3.04956433730463,2.52484144447467,1,7.28151594540378,10.6124864337974,-2.53760500607831,0.313725042151625,-9.6124864337974,1.47219187477491
"TCGA-24-1416-01",0.641785762359774,1.41618846739161,1,5.69873066222084,1,3.32348043338697,4.78210223358066,4.06431722565513,3.00572537961947,1.20007364470931,1.87094839968619,8.21387716277128,8.15427857123813,-2.19444619484755,0.212293628806485,-7.15427857123813,0.916628428640176
"TCGA-24-1417-01",-0.534499698412077,-0.4881666022837,1,8.64467768410819,6.27201614802801,6.54867451488472,8.12564280162614,6.38962250453343,5.01329481833415,4.46692084050915,2.88707173228034,9.96312156122602,12.1596210023001,-2.71804603487422,0.0798068410633385,-11.1596210023001,0.519034882482058
"TCGA-24-1418-01",-0.0713295277214306,-0.4881666022837,1,6.81587207431074,3.99401799832799,4.86131887146793,6.26777589959322,3.87194126450317,3.60866463209069,4.04994981947432,1.83612361133851,7.64274925727667,10.3260801333498,-2.5015767370988,0.104892919251935,-9.32608013334985,0.548096174717523
"TCGA-24-1419-01",0.138548154910864,1.15859596764083,1,5.46575522362445,1,3.30607933790988,2.74549100058783,2.49073093957467,3.02571504787961,2.40750182409241,1,3.37499518625577,9.34339726983082,-2.37063820891064,0.787664036301399,-8.34339726983082,2.72026422303662
"TCGA-24-1423-01",0.459955376332825,-0.21011001428079,1.4943615253344,6.06337940017821,3.54778814193661,5.32697185281527,6.14968744700014,4.52923509258625,4.88239870832342,2.74743720408026,1.53741161899688,8.6692834792475,11.1617315214989,-2.28560616115562,-0.0175215839065883,-9.66736999616447,-0.0863080468219273
"TCGA-24-1424-01",1.1333513937691,-0.360415601694796,1,7.8625125265317,4.07260404506629,4.02807759665116,6.38686408373745,5.31462123950208,3.31641489412925,1.78445011622871,1,7.95229609903664,10.7334427127307,-2.55255447192469,0.26275372879607,-9.73344271273071,1.47564844279425
"TCGA-24-1425-01",0.741862343645296,-0.4881666022837,1,8.77517291046171,4.58556038615632,5.96799002364832,6.68904230129816,3.81866284232694,4.19777947166943,3.93947540425876,1,8.98348623380249,9.47046198429996,-2.38825319405717,0.346318305733455,-8.47046198429996,2.08613060916356
"TCGA-24-1427-01",-0.141414246708672,-0.4881666022837,1,7.83677518343637,4.73342247714475,6.52005379405442,8.30179273426363,3.63585647168038,4.25035895123825,5.0118734342676,3.96680067949803,9.21134236696932,8.6608343651938,-2.27214779387939,-0.0739888126285526,-7.6608343651938,-0.465017550827265
"TCGA-24-1428-01",-0.424068917002939,-0.4881666022837,1,7.29382830433951,5.17087485799644,6.99224930843745,6.75758082313328,4.91505332181797,4.90659059437934,3.51345903708571,2.96096929536994,10.185823262154,12.7832538213009,-2.78484460105157,0.096431358737054,-11.7832538213009,0.536247481206233
"TCGA-24-1430-01",0.333745610194343,-0.478378858231923,1.05299680130234,5.7134998696271,1.46688005921051,3.59749023866849,4.58296971107691,2.08320876705552,2.0399667399058,2.27371886971005,1,5.02548932650095,6.0380309728468,-1.77744048345031,0.26603233652957,-4.98503417154446,1.13053015855019
"TCGA-24-1434-01",0.25012430388617,-0.4881666022837,1,8.49613293330232,5.19630867899276,6.66311348388404,5.92387034567739,4.61442832612433,3.00656547611219,4.13028809646406,2.07511461498812,8.38033797759519,10.3348226866143,-2.50268991771347,0.455761421461573,-9.33482268661428,2.57226258762493
"TCGA-24-1435-01",-0.219657557496066,-0.4881666022837,1,7.33352977252064,5.15089722310778,5.92478961010676,6.9857498666163,5.00013588630465,3.71325117559606,3.57123238314043,2.98058395960839,9.01200639207136,11.784671745273,-2.67634321381293,0.0614998129623208,-10.784671745273,0.34777990590434
"TCGA-24-1436-01",-0.937600660482998,-0.4881666022837,1,5.70598208689403,5.63186217707817,4.94625392025697,6.91014587508806,5.88498035051137,4.57196562088017,1.41582884098243,1.80303439384901,9.31307885443979,12.769163738252,-2.78336903581898,-0.238255671037014,-11.769163738252,-1.20416378819403
"TCGA-24-1463-01",1.21467831372738,-0.000489684876888941,1,6.68768923039827,4.07900776972045,5.38823006518185,5.8666398808978,4.25563661945304,4.53936526270323,3.75423395252415,1.01623584761321,8.63635532546195,9.52540616521201,-2.39580400145513,0.16294571348485,-8.52540616521201,0.821049349500468
"TCGA-24-1467-01",0.920365814700868,1.33859431048698,1,6.90827400163841,3.89973026344436,4.68467239223701,6.58833297487277,4.37357462310451,3.55838278042725,3.12176349705889,2.70470598492632,7.47709245514362,9.73057555085899,-2.42365555421584,0.059579872284764,-8.73057555085899,0.31994102676564
"TCGA-24-1469-01",0.101062779856804,-0.4881666022837,1,5.99711732160047,4.20548884332634,5.98682494847605,6.40025103391072,4.02442457678678,4.05659094814488,3.29320031242287,1,9.62115506355416,10.7686271051896,-2.55687412434955,-0.0808135294629215,-9.7686271051896,-0.40313371231025
"TCGA-24-1474-01",-0.483947602500669,-0.4881666022837,1,8.26090309595407,4.60493815718088,2.44064710640807,5.45679697260745,3.56840417322578,2.88357457907144,3.32394419038334,1,6.8366415971912,10.0982327726161,-2.47225806216882,0.520334223985731,-9.09823277261606,2.80410612334663
"TCGA-24-1544-01",0.34772343287846,0.538419973619977,1.18959537031296,5.14766096304467,1.6400092178392,2.7049464616851,7.98532979518468,2.75338314812291,2.34382571859018,1.91504646424694,1,7.45478520173668,7.3259809287172,-1.92695596450089,-0.547533852879485,-6.13638555840424,-2.83766883214001
"TCGA-24-1545-01",0.314483503733462,-0.4881666022837,1,9.78010053051665,5.17625058825398,7.28722159362835,9.1806151903253,5.50102764410185,5.84011952955195,6.31051904419555,5.64243664187919,10.1530544018287,11.3573418523008,-2.6272965380544,0.0825458894255099,-10.3573418523008,0.599485340191345
"TCGA-24-1546-01",-0.301893262341387,-0.4881666022837,1,6.69180204768892,4.44304611394658,5.67522579415999,4.88938995105778,3.60902549332852,2.64860907204061,6.27347278431033,2.13209753199234,7.20561840847922,8.2994066958914,-2.21713867490887,0.385203433598171,-7.2994066958914,1.80241209663114
"TCGA-24-1548-01",0.0241274834516427,-0.4881666022837,1,6.60487820189866,4.50059405482823,5.91538447306353,5.30100591196915,5.51167823165114,2.84833610344915,1.33713424367858,1,7.14514382253786,11.9655590000241,-2.69661250309764,0.271342978966294,-10.9655590000241,1.30387228992951
"TCGA-24-1549-01",0.112158350914151,0.417740918150789,1,6.80767476073759,3.53644821164084,7.07338776200949,7.65440271047373,5.18404631818949,5.37602997263,4.78562612004897,1,9.25533032751883,13.1617580878151,-2.82392847239359,-0.148541297704608,-12.1617580878151,-0.846727949736137
"TCGA-24-1550-01",0.76498084893641,0.051510080178945,1,10.0853605179055,5.10017693149474,5.02209982711494,6.82541718194669,4.61495435009057,6.34595870479942,4.88916139491532,1.96277054599899,9.35016518302244,11.7012475855403,-2.66689830818968,0.502416119339699,-10.7012475855403,3.25994333595885
"TCGA-24-1551-01",-0.33147802678239,-0.4881666022837,1,9.16287827181358,4.5231932555758,5.86959350772966,7.76798260257226,5.91738918598672,4.36951169014257,4.64876836280146,2.90805174971755,10.0079135670686,10.4109590274171,-2.51234814207538,0.212992210936502,-9.41095902741712,1.39489566924131
"TCGA-24-1552-01",-1.37297034816302,-0.4881666022837,1,6.9873245985253,1.52919144468593,3.60432129708478,5.71312074015333,2.52082054676532,2.405915114491,1.15570620494336,1,6.18013319331326,7.25309055864262,-2.04493447071429,0.25072875433334,-6.25309055864262,1.27420385837197
"TCGA-24-1553-01",-0.397519432945539,-0.4881666022837,1,6.57391967614144,5.1255800162597,7.08793029545269,10.8245311957343,5.22178776093098,7.56735805252592,5.0576372266793,4.4547552584876,11.7906559921118,11.6425886772975,-2.66021999269989,-0.642670960354453,-10.6425886772975,-4.25061151959281
"TCGA-24-1555-01",-0.651574722496107,-0.242867552865397,1,6.09814176568114,2.68934852778307,4.34465054833132,5.79061908087091,3.50565687209383,2.63344375750526,2.00296636421726,1.28965305385596,7.32581491304684,9.31188308681936,-2.36623590692861,0.063898281764822,-8.31188308681936,0.307522684810227
"TCGA-24-1556-01",-0.170336331507671,-0.355415600125299,1,7.29109362463105,5.17743657125378,6.31677912364053,7.45965988167232,5.83883558807889,4.62574536667977,3.8171439875776,1.60087501073798,8.90754816910501,11.2788784788454,-2.61810688956139,-0.0290372504879099,-10.2788784788454,-0.168566257041274
"TCGA-24-1557-01",-0.295808596406073,-0.294564958157959,1,7.59216368550105,3.63866479289049,5.35243574439783,2.93113814092104,3.26851504258212,4.72200891003684,1.66858487231938,1,7.29456706276437,10.2212874405568,-2.48816630359271,1.12807441650551,-9.22128744055677,4.66102554458001
"TCGA-24-1558-01",-0.30534777907497,-0.4881666022837,1,5.1007769696518,3.41289367179032,3.86555569755853,4.33772062749572,3.49586830043706,1.4718058928935,1,1,6.70630997295708,9.19300992095858,-2.34950822655185,0.192769192210521,-8.19300992095858,0.763056342156079
"TCGA-24-1560-01",0.0769515331461425,1.51108101549023,1,6.20752145790192,2.53115104271736,3.74682024518853,5.61259360624825,4.09707564293853,3.085478691328,2.62643533412047,1,7.04041817429662,9.94976691312723,-2.45282825449879,0.124286987044726,-8.94976691312723,0.594927851653668
"TCGA-24-1562-01",0.241864776991944,-0.4881666022837,1,5.48563681682837,1,6.18789053915693,7.34514688383978,4.3625989657301,3.37954792308421,5.29194622241861,3.86254894688457,9.55653637523315,8.46750763911024,-2.24298468018701,-0.3636892049323,-7.46750763911024,-1.85951006701141
"TCGA-24-1563-01",-0.269426604829398,-0.4881666022837,1,7.7206264356182,4.3281516228337,4.76796550563717,6.14641341677569,5.38728491016574,3.05990810114522,5.2142445755214,2.80409350646433,8.50464794487755,9.55052930485497,-2.39924347356713,0.287212397381009,-8.55052930485497,1.57421301884251
"TCGA-24-1564-01",0.213052780998035,-0.4881666022837,1,8.74981817153029,4.15177948367037,5.72778334050742,7.39014728167049,4.48203796517091,3.9546816547041,3.00288000201148,1.12332690254394,9.73339264767072,10.2809917575407,-2.49582200134659,0.216679177552659,-9.28099175754073,1.3596708898598
"TCGA-24-1567-01",1.61745120410712,4.06624825940205,1,5.85458081812428,1.30492839167878,4.78767248292904,7.01329790732897,4.02438153580296,5.28378931282048,2.1774994405153,1,4.98559326017554,6.36096247639179,-1.87989441697977,-0.225327669421544,-5.36096247639179,-1.1587170892047
"TCGA-24-1603-01",-0.604451689664375,-0.4881666022837,1,7.18647636702878,3.16005976314933,3.75494171483699,5.35727481892682,4.53074487611147,3.19723916442808,1.9264743545581,1.35376192068246,7.47128127660996,9.98290588913737,-2.45718791218056,0.364834162827772,-8.98290588913737,1.82920154810196
"TCGA-24-1604-01",-0.183099117208153,-0.4881666022837,1.23331761383332,5.57098338037243,3.93099094803651,5.00033316368851,6.00453100193802,4.85249842621739,3.3360142302954,3.36434610901182,1,7.86275288215198,11.0964685954192,-2.43732558776444,-0.0921791630484625,-9.86315098158585,-0.433547621565595
"TCGA-24-1616-01",0.0241960688165766,1.76423647936203,1,6.31685219893982,1.79776463511221,4.42143054239902,4.04113615672551,3.04267822922459,1,1,1,6.34115078995616,10.2080414707062,-2.4864622938729,0.537474195764238,-9.20804147070624,2.27571604221431
"TCGA-24-1842-01",-0.284451889355177,-0.4881666022837,1,7.48388696391936,4.73207719967154,7.23494389815131,9.06276030459436,6.39611043400613,5.94654785602875,5.36402395787316,2.49932661969277,10.3513853851598,11.4281053589265,-2.63553447191972,-0.246228799314959,-10.4281053589265,-1.578873340675
"TCGA-24-1843-01",-0.919388054648036,-0.4881666022837,1,7.63170628278334,4.50003389367155,6.22848783920573,8.11010270478914,3.48856104162211,3.88421750722786,3.62252475240133,2.24119463210083,10.4472501551264,11.9198678365544,-2.691519406984,-0.0778215446160144,-10.9198678365544,-0.478396422005798
"TCGA-24-1844-01",0.273226975122762,0.619638433316278,1,6.67021106405085,1.42318703121951,5.408181678385,1.92769212018233,3.00256750839714,1,1.5897029436869,1,5.05927311378748,5.6743510159853,-1.73862756241244,1.38950243149261,-4.6743510159853,4.74251894386852
"TCGA-24-1846-01",-1.08091913435693,-0.411099101286148,1.53407017228482,6.68328658542259,4.800086516245,6.8831641929271,6.6521394521347,8.34366876343208,4.56016755525816,2.64660491133143,1.54890684523833,9.09792860067447,13.8749026884512,-2.55335184976661,0.00586040145374603,-12.3408325161663,0.0311471332878855
"TCGA-24-1847-01",-0.0899301961941762,-0.180781835539502,1.0096767600287,7.60606038803695,5.12281481421716,6.50916838926595,10.5393448454465,6.02592805305126,6.69747802807253,5.93068740230531,4.24475707018736,11.5833349238564,12.3811770098296,-2.73516964162899,-0.423136447556168,-11.3715002498009,-2.93328445740958
"TCGA-24-1849-01",-0.0816813712809322,-0.4881666022837,1.31602057527995,9.92933743715544,4.173301748541,6.33923733765897,9.09025189850964,4.38824515333103,4.75708721721167,6.29836560644807,4.51461149658898,10.5275291759859,9.650504770612,-2.20120183199429,0.115243752887595,-8.33448419533205,0.839085538645799
"TCGA-24-1850-01",-0.0416377608668075,0.731208865421605,2.09774655942833,8.11400162526091,4.38662868656057,6.83944568845086,7.68863940763739,5.27422742974035,5.23685578123112,2.11030507934455,1.36722015887178,8.22795703141563,9.47031150653182,-1.75701334441761,0.0689543510831149,-7.37256494710348,0.425362217623517
"TCGA-24-1924-01",-1.05780715606849,-0.4881666022837,1,7.51256898528662,6.41750405222748,6.01446304278658,8.95598376407945,5.52664234245941,6.29541551134969,3.71041075152284,2.79218244232621,9.86646748656128,12.4493962537478,-2.74946950623626,-0.225969292941265,-11.4493962537478,-1.44341477879283
"TCGA-24-1928-01",0.142345929482494,-0.4881666022837,1.97316268261865,7.81517429105766,3.00655879239589,5.6736028629615,7.21916989421998,3.80717061859434,5.68073919248253,3.74822737367245,1,7.45813444934634,9.87326031064601,-1.8707142820043,0.10099639997577,-7.90009762802736,0.59600439683768
"TCGA-24-1930-01",-0.180298407802613,-0.4881666022837,1,7.56445712103139,5.94619282570062,6.86374360142373,8.0142571948631,5.72970449543682,5.69491308072069,4.27217305559949,2.74380011055097,9.72797561592874,11.8815290105711,-2.68723194339002,-0.0738468131582631,-10.8815290105711,-0.449800073831701
"TCGA-24-2019-01",0.738252897250328,0.732109765519986,1.3096272930973,7.10400074142276,3.6997002492155,5.81672744516546,8.24472421905554,4.25915966813045,5.47418029359946,4.92392236317026,3.35067353856508,8.57710607682851,11.0136839159152,-2.3789466453103,-0.189995976860589,-9.70405662281788,-1.14072347763278
"TCGA-24-2020-01",-0.0623067697429053,1.52807671156439,1,5.49813063258857,2.51623048293319,1.83772767595971,3.88119823757966,3.97824263794429,1,1,1,5.5803965083017,6.62113314747772,-1.93000552064598,0.412789402256745,-5.62113314747772,1.6169323950089
"TCGA-24-2023-01",-0.295108858645986,0.403704613733969,1,8.14650040641268,4.18256978933814,4.7119150491205,6.67116617115911,4.94556267582976,3.70623074791829,3.8624226594372,1.28023983166385,8.8014903957325,10.0382464853535,-2.46443910144072,0.253773938376451,-9.03824648535355,1.47533423525357
"TCGA-24-2024-01",0.0447571594478658,-0.4881666022837,1,6.91033467410372,2.29160378322056,4.17226127742815,5.52474004509379,2.59906069791126,3.10513587192415,2.87162724349162,3.39034462598759,7.1396131445763,8.54063608769694,-2.2540854559555,0.277818310390443,-7.54063608769694,1.38559462900993
"TCGA-24-2026-01",-1.22936237778078,-0.4881666022837,1,6.98076485858892,4.79510064839135,5.09208044877026,7.54985718850709,5.45770404117449,4.56846298934878,3.64408754475695,3.24240700775664,9.6627176240326,12.7078266430836,-2.7769279468363,-0.0993733045920793,-11.7078266430836,-0.56909232991817
"TCGA-24-2027-01",1.8192355475882,1.97728598518523,1,6.22390517772312,3.25321586321931,4.74246645957911,4.85924745563034,3.8829213701399,4.81520022960244,3.99420308791642,4.02204356670676,5.51793779028156,7.36951746597554,-2.06514444840148,0.302063574796162,-6.36951746597554,1.36465772209278
"TCGA-24-2033-01",-1.08430875868779,-0.4881666022837,1,6.47949679570669,1.57599608660315,2.67479865686295,5.36470931330369,3.63102535993415,2.14245878303656,1,1,6.37136360497439,8.0507285246989,-2.17803392442438,0.232846586603708,-7.0507285246989,1.11478748240301
"TCGA-24-2035-01",-0.118398037432701,-0.4881666022837,2.95202397775642,10.3773244652361,3.58080035237524,6.12575399283763,7.80323160395887,3.94571268122198,4.57466779550625,5.61074553054153,3.66804121683484,9.51436102025267,11.8567692271782,-1.70186454870683,0.370056198671244,-8.90474524942176,2.5740928612772
"TCGA-24-2038-01",0.666067117294035,1.3708581621703,1,5.5771227585809,1.63786481074273,1.44160099465927,4.567786591343,3.20169362183563,2.6569435746819,3.91021195014484,4.1248846457121,6.75912943283269,5.98771388432196,-1.80482053754483,0.240352682739239,-4.98771388432196,1.00933616723789
"TCGA-24-2254-01",1.65891399229309,1.45982952822127,1,8.33755043690669,3.34677409230597,2.84066939087067,3.59170591685778,2.91425450276373,3.30143169030206,4.40527641224155,4.16324088293528,7.28397973287478,6.94091980256246,-1.9893061254714,1.02401388539662,-5.94091980256246,4.74584452004891
"TCGA-24-2261-01",0.195727880630379,-0.4881666022837,1,7.85139010911639,5.6101779318734,7.06463746257044,9.00904397180898,5.23308717935462,6.9017337600339,5.38298074768017,3.94247870333842,9.90125247531294,11.8832948675375,-2.68742970085224,-0.17732822658756,-10.8832948675375,-1.15765386269259
"TCGA-24-2262-01",-0.121444216405814,-0.4881666022837,1.48885459990712,6.51976461647115,2.85750585750952,6.12090174993784,7.93825772427116,6.21504722477862,5.20397278209554,3.55824409093141,1.67807344634688,9.03221509837973,10.8268318941606,-2.24850980937043,-0.249306140370109,-9.33797729425348,-1.41849310780001
"TCGA-24-2267-01",-0.37360228114877,-0.4881666022837,1,8.12816210604332,5.48647386470201,6.88624215244326,8.72489096886548,6.86796039603054,6.45137013658382,5.37469501570595,4.48897430708541,10.3895040006478,12.5178084028743,-2.75678936613782,-0.0913576628177451,-11.5178084028743,-0.596728862822163
"TCGA-24-2271-01",0.396692955765289,-0.4881666022837,1,5.49121436016392,4.22188130575389,7.09984702819836,7.74734108180981,3.92522273468948,5.71363104454856,5.7764269245298,3.95555201053243,9.76604009101716,9.57318093787425,-2.40233757122094,-0.430356150140498,-8.57318093787425,-2.2561267216459
"TCGA-24-2281-01",0.166228699587186,-0.4881666022837,1,8.91876788413147,5.70104775779218,7.04625903881301,8.0288050506435,5.81746358109411,6.46637998778894,6.37857759795683,5.74598093248696,10.8511387893197,11.0129681787626,-2.58652075281809,0.135625857488031,-10.0129681787626,0.889962833487967
"TCGA-24-2288-01",0.337418149211349,-0.468295241051212,1,7.80109744701664,5.37439841195067,7.0018698707491,8.39083396267883,5.5660021700962,5.97569615110384,4.6726351620568,2.70761963375765,9.68981973872508,10.6000526963885,-2.53605945408898,-0.0935698527173983,-9.60005269638851,-0.589736515662193
"TCGA-24-2289-01",-0.347491277955585,-0.448723279400301,1,8.30900739713408,5.99950607167714,6.33482000262684,6.44919418976055,4.34618394366804,3.55284893504755,3.29718496226879,1.76894702383707,7.79920428456479,10.2523368993047,-2.49215274814497,0.321542972276859,-9.25233689930475,1.85981320737353
"TCGA-24-2290-01",-0.203338087386097,-0.4881666022837,1,8.23710431949794,6.06993246943161,5.34607113760155,4.85473326611679,5.52661499356808,3.27875881535884,4.51674408962136,1.27613330917334,7.86842792331348,10.020746114013,-2.46214999380084,0.65783721636212,-9.02074611401304,3.38237105338114
"TCGA-24-2293-01",0.624062437782597,-0.464347601200526,1,8.73447438865891,5.12516816836991,5.57364065127571,8.19109026223962,4.98649379819253,4.15482637919779,4.81974885063961,3.27933864249957,9.33979796347881,10.1264968206864,-2.4759275262942,0.082867076444254,-9.12649682068645,0.543384126419288
"TCGA-24-2297-01",0.597252838478034,0.743185358298285,1.27312743006651,5.94340163450786,3.12680513596205,5.42514971770237,5.33389277513611,3.9007002574846,2.63846578616847,2.71174112686437,2.26512509105406,6.70092377761491,10.1030340029412,-2.28820349162464,0.132550180629422,-8.82990657287467,0.609508859371755
"TCGA-24-2298-01",-0.821230079536407,-0.4881666022837,1.31894138783776,4.88192222390941,4.78113018584715,4.70757681009959,6.48634038439424,4.50297193775943,2.75787090178941,2.21727181861598,2.32269715902499,7.9333049258425,9.64118926886999,-2.19812113587459,-0.347972937580583,-8.32224788103223,-1.60441816048483
"TCGA-25-1312-01",-0.287512667933559,-0.4881666022837,1.83405028599911,7.11638949692713,4.18164690746379,3.88925405463402,5.40418946218102,3.60657811443625,2.30766521166636,2.53640327481543,1.35364382670777,6.95062738624491,9.63133868794065,-1.90738600900979,0.341822110841563,-7.79728840194154,1.71220003474611
"TCGA-25-1313-01",-0.367569310795877,-0.4881666022837,1.78065725442239,7.90293030042937,5.06175237250654,5.24966295257108,5.19731861951566,5.04245721642616,3.34921696193763,2.75678837102779,1.63085890021114,8.44356332795368,12.0491845470604,-2.23046182131021,0.522636118513413,-10.268527292638,2.7056116809137
"TCGA-25-1314-01",0.177199878326936,-0.4881666022837,2.04740427179576,6.77417520904645,3.9283837275408,4.59192522898621,6.7811902294522,4.4191641611393,4.20601418232397,2.96516815272198,1,8.38775639382951,9.64166995579731,-1.80407175786937,-0.00130122765385558,-7.59426568400155,-0.0070150204057527
"TCGA-25-1315-01",0.740302142583736,1.44132148442069,1,5.60265143224313,1.99540262098525,5.5529419595996,5.13757021524765,3.99777030923415,2.12242320125974,1.13678312106047,1,4.56252658226265,7.49738874959169,-2.08701956868657,0.105377860784564,-6.49738874959169,0.465081216995488
"TCGA-25-1316-01",0.124496585677605,-0.4881666022837,1,6.90721610368845,2.66957643797132,5.24100402500114,8.08910085825491,3.81619868358314,6.04897511492935,4.24747331806278,1,9.59047284616783,8.27601164677965,-2.21350463140486,-0.200967728535463,-7.27601164677965,-1.18188475456646
"TCGA-25-1317-01",1.59653510099282,0.938582647915229,1.48564430823329,6.99039977562963,1.74902679025541,4.13921624775752,5.56953816226501,3.69250457729912,3.09306231867997,1.77665846264375,1,7.6564038501004,8.51060950385406,-1.93591793787175,0.282475733041677,-7.02496519562077,1.42086161336462
"TCGA-25-1318-01",-0.518922620099618,-0.4881666022837,1,6.96034385623669,4.25674334542883,3.6774801908373,4.50720718497473,3.82057760625675,1.79230366340603,3.23197273074834,1.01690716346784,6.88900432052378,8.82975907950633,-2.29715605755661,0.531509866288407,-7.82975907950633,2.45313667126197
"TCGA-25-1319-01",-0.483032668360064,-0.167973754910974,1,8.27910640944615,3.59988701858114,5.45857127020421,7.11305559040663,5.33689417730165,3.85173678172915,3.25511930523403,1.42242386407845,8.36709864872613,11.1167995844986,-2.59893678435057,0.193740504811901,-10.1167995844986,1.16605081903951
"TCGA-25-1320-01",0.22381919118297,-0.4881666022837,1,8.76604393511576,5.07207248103598,6.0445418435073,6.28728284747635,4.6497067016559,3.238954539788,4.05239978462501,1.49900631736971,7.9313993202541,9.52826976949294,-2.39619645622013,0.422393280007594,-8.52826976949294,2.4787610876394
"TCGA-25-1321-01",0.13308219854169,0.502600689097062,1.62857283403342,6.71595935778241,3.76242618067989,3.38948219919524,3.73243791219952,2.32153162656178,2.71785912080574,4.05977324777412,1,6.96407700285941,9.94754400135076,-2.0582556327973,0.705261965871406,-8.31897116731735,2.98352144558289
"TCGA-25-1322-01",0.718697312856243,-0.116357440898197,1.13435282859052,9.00730198098405,5.05008065208098,5.22276739842982,3.77425714738095,5.52789679525514,3.78268833391055,2.98707535583391,1.98535572767124,7.07107999808346,10.5888733238917,-2.44086972157808,1.0677048897877,-9.45452049530116,5.23304483360309
"TCGA-25-1323-01",1.19480557860255,0.952827348938095,1,7.62222804509341,2.50873182424379,5.11940595072665,4.25802933460123,4.13486723227634,5.24455952987534,1.79379813707364,1,6.42429876372527,8.21848292818572,-2.20452934804437,0.713538529367401,-7.21848292818572,3.36419871049219
"TCGA-25-1324-01",0.747255610450745,-0.43022890836428,1,4.74771057327655,2.74627961748514,5.17146021330797,7.51740510866997,4.15672414823162,3.64476942755862,4.94474885044845,1,8.47711757648035,9.76945558283016,-2.42887341553984,-0.567426553003347,-8.76945558283016,-2.76969453539342
"TCGA-25-1326-01",-0.109779082659924,-0.4881666022837,1,8.38490143487502,4.89028026213956,5.71862201652308,7.17049384035068,4.27711670811349,4.07168424076309,3.58805360122057,2.32598138836967,8.73105463588518,10.1426810947571,-2.47802450321374,0.199918312933348,-9.1426810947571,1.21440759452433
"TCGA-25-1328-01",0.73903030284454,-0.4881666022837,1,8.74606591180247,3.4524656952391,4.91996091299454,5.67548016792705,3.57370807508781,3.29092120186035,5.32133204805326,2.36996687012707,8.50892301665215,7.5353358715626,-2.09344792545029,0.545948365660371,-6.5353358715626,3.07058574387542
"TCGA-25-1329-01",0.0107556333680848,-0.4881666022837,1,8.52029142833745,4.57978776541554,4.40229339502995,6.61890645601169,4.23212595141374,3.24377207736856,3.67926140585608,1,7.86939620626281,7.87789526645945,-2.15021768912586,0.32142179484128,-6.87789526645945,1.90138497232576
"TCGA-25-1623-01",0.269935457712987,-0.228210892114135,1.90986872835853,9.12243595611619,7.08321944497251,7.77436813208036,8.68027698276675,6.06834543562052,6.09470976417877,5.35882318007488,2.83146702118964,10.4317795364018,11.5807709286916,-2.11219435483484,0.0644362820357025,-9.67090220033312,0.442158973349438
"TCGA-25-1625-01",0.806895404673858,0.491268818534371,1.17372474795461,8.03797052133488,3.44068157747881,4.44676032670965,6.79488893419402,4.12130422640719,3.86743644836773,7.27228949696165,2.83798204710796,8.30693999597501,8.98244686595561,-2.19922421986005,0.213470384687373,-7.808722118001,1.24308158714086
"TCGA-25-1626-01",0.599700548108649,-0.4881666022837,1,9.66435120167116,5.33851715483318,6.275744809183,9.24701348529455,5.02168029860104,5.5399637954046,5.71184679945485,3.77378743396272,9.82992404695924,10.4706678758149,-2.51987748912467,0.057592703257482,-9.47066787581489,0.417337716376614
"TCGA-25-1627-01",-0.87261148114638,-0.4881666022837,1,7.51707479287588,2.59702743853537,3.27008625204684,5.63981780503055,3.08150530095658,2.36357102539798,2.90868391131281,1,6.87270643172818,8.35750886831563,-2.2261245103995,0.359214363978879,-7.35750886831563,1.87725698784533
"TCGA-25-1628-01",0.323376415483509,-0.4881666022837,1,8.15017155901981,5.07054398469436,7.17656929753503,9.4777978038732,5.17831289612697,5.17108987377455,5.4943095288239,2.70377978514431,10.2859026678021,11.2582236825397,-2.61567803068122,-0.195464828628248,-10.2582236825397,-1.32762624485339
"TCGA-25-1630-01",0.500697480636689,1.35746612327081,1,8.59717848884431,4.39047653854268,4.28946376355571,4.87712457507907,3.40923017846036,3.6668170679504,4.59604299937472,1.18230094304726,9.25870375378975,9.76438282534658,-2.42819370000916,0.707499845859161,-8.76438282534658,3.72005391376524
"TCGA-25-1631-01",0.818951152929316,1.82844124845672,1,9.55425686241643,2.13040317155267,4.46255351707925,5.36665122247503,4.69737204707849,5.64167174827086,2.74790105173516,1.99795344464397,6.44435431322598,8.18390074760809,-2.19910705058205,0.729218362552597,-7.18390074760809,4.1876056399414
"TCGA-25-1632-01",0.397300916474938,0.00655802608637523,1,4.85753310860877,1.80568673423476,3.52873440388191,2.50303892612573,1.84025196528375,2.90057966464435,1,1,4.99359940890666,6.86949394897697,-1.9762708656216,0.741686184071511,-5.86949394897697,2.35449418248304
"TCGA-25-1633-01",0.177460409481076,0.377612617644565,1.02556268055554,7.85709900469703,5.55497868340871,7.06271778515056,8.64190843002179,4.97042219154164,5.46263018233012,5.38360827864207,2.80659769875751,10.1852082979407,10.4094038873525,-2.49382878172677,-0.122484482999347,-9.38384120679694,-0.784809425324761
"TCGA-25-1634-01",-0.23175231163307,-0.39285626408413,1,4.68239021930321,1,1.19895410632682,1.9607762132427,1,1,1,1,3.15188766220351,4.79791256530403,-1.53553357718106,0.940522456983455,-3.79791256530403,2.72161400606051
"TCGA-25-1635-01",-0.103720324560701,-0.4881666022837,1.16129196241478,7.39953741554809,4.66231724315775,6.19454698185354,7.93357648788064,3.51624897926992,4.17582106525842,5.96169546236944,1.87893002153691,9.26119843857358,11.7944898496345,-2.56555674463483,-0.0889279856347626,-10.6331978872197,-0.53403907233255
"TCGA-25-1870-01",0.235701974419697,-0.450230611396854,1,6.3834006328112,3.95114666906478,4.308456518591,4.67828825804313,2.68301459442518,5.23517121343101,1.7735569789452,1,7.96884729493283,8.15429829109736,-2.19444930265252,0.37882935386,-7.15429829109736,1.70511237476807
"TCGA-25-1871-01",0.702313149813395,-0.446109294806517,1.87055852868835,5.160063905442,1,3.53699994618345,3.37026279415898,2.22058606577102,1.96561113786307,3.5694354309254,1,4.00403826086711,4.73699782286242,-0.998964499044812,0.495225282762925,-2.86643929417408,1.78980111128302
"TCGA-25-2042-01",0.331530757577977,-0.205629551522806,1.61065520651592,8.95650090592209,5.08914908222734,4.4095773989793,7.5898099859299,4.88079763888524,4.51486287274481,4.72807658112015,2.67920478706754,7.83001397021794,7.92560592455555,-1.77353818025384,0.21301259526801,-6.31495071803963,1.36669091999219
"TCGA-25-2391-01",-0.273018292514642,0.565119187443175,1,6.25380043222583,4.66336735830155,4.4139891555052,7.14463962510546,3.95122930451622,4.23124318330657,3.61844384097616,1,8.02508485990282,10.2394532395757,-2.4904999500424,-0.167113811221983,-9.23945323957574,-0.890839192879633
"TCGA-25-2392-01",-0.750580688542669,-0.4881666022837,1.51872416314294,8.07596622347487,6.18386425841964,7.08365441429145,6.11563862326393,4.49943997422989,4.21572975900817,4.3654100971427,1.7079430095827,8.61029280291233,11.6229388482043,-2.32528279510845,0.351057996612939,-10.1042146850614,1.96032760021094
"TCGA-25-2393-01",0.231861282665435,-0.4881666022837,1,9.04275625403139,2.99093866611428,4.33680675014643,7.16679382750244,3.5672465110686,3.78440377689824,3.47139575473636,4.23635893455977,8.24832002569898,8.73802010693107,-2.28362847946715,0.29831356197518,-7.73802010693107,1.87596242652895
"TCGA-25-2396-01",-0.917106313065192,-0.254958887963386,1,6.71855638777297,4.20740796110017,5.83690453950003,7.6584292456223,5.51185323496023,4.76021551299483,2.86611470831315,1,9.82999429998403,11.6540991453261,-2.66153289946506,-0.165774281111209,-10.6540991453261,-0.939872857849339
"TCGA-25-2397-01",-0.359702729894036,-0.27688469997801,8.92974989060309,6.26931575709036,3.7076928474449,3.18349644694145,5.6472370916216,2.96048203954384,4.29786520766962,1.93413354820081,1,6.74278012695442,8.07859458117728,0.129288402489708,0.129064760761367,0.851155309425809,0.622078665468757
"TCGA-25-2398-01",0.449810974507326,-0.459374356132761,1,8.19632941785369,3.91879837261625,5.10865853211429,6.12478407258584,4.43791825408803,2.9601601340411,3.22132303041483,6.51287084431111,8.37349059310866,9.33198509344408,-2.36904556199736,0.368211853394302,-8.33198509344408,2.07154534526785
"TCGA-25-2399-01",0.0470386792243253,-0.238607147623064,1.32153859474099,9.27463475039955,4.45214511357538,5.61394059427186,7.50733223924845,5.01995869239686,4.13919464398495,2.94389814620672,1,8.81746623819417,10.7766343669007,-2.34277412113348,0.272308406640096,-9.45509577215969,1.7673025111511
"TCGA-25-2400-01",-0.0913790831866324,1.55026164345281,1,6.80522065433546,3.56266533967874,5.46110806355221,5.46252704338233,3.59250292922453,2.63015981849094,4.05419980468452,1,6.65788001233586,10.8302199663167,-2.56440499370149,0.272341005299694,-9.83021996631668,1.34269361095313
"TCGA-25-2401-01",-0.166721119532483,-0.4881666022837,1,9.47440724626359,5.29763696321307,6.92585965688809,7.77016890471104,5.39967203873838,5.19553644837104,5.06797974007027,4.95527963873508,9.51956431109164,11.9892257239919,-2.69924353048844,0.256192070235349,-10.9892257239919,1.70423834155255
"TCGA-25-2404-01",0.264501892721945,-0.180070845061889,1,7.41570587605178,4.75451807238604,4.61906272149471,7.13963200105356,5.2272353917911,4.38023174764491,2.79120012618571,1,8.69947564812407,10.4097618556999,-2.51219677492884,0.0481207135448752,-9.40976185569993,0.276073874998222
"TCGA-25-2409-01",0.373510810142907,0.1229077027628,1,8.7997904918168,3.53513062389603,5.60537894246229,6.09128223719714,4.1921844598812,4.27718233101515,3.10038371308519,1.45476902157547,9.65021511416809,9.99506480286927,-2.45878420208185,0.466704388957475,-8.99506480286927,2.70850825461965
"TCGA-29-1688-01",-0.251831953527685,-0.4881666022837,1,6.5242273409326,5.351932956276,6.01354718180414,7.73315370003785,4.48764346541099,3.94025154214219,3.60466197963654,1.10232436939998,10.0699049809129,11.7267393627151,-2.66979093770918,-0.214959291404488,-10.7267393627151,-1.20892635910524
"TCGA-29-1690-01",-0.126637950668714,0.784528800803785,1,11.9723784039626,4.9852784786822,6.55416226567751,7.1005063806184,3.43608807502358,5.4414783545255,9.30048321061686,9.1621850484732,9.1962508256267,7.77060093132228,-2.13267569454427,0.679359010904057,-6.77060093132228,4.87187202334424
"TCGA-29-1691-01",-0.168449572027689,-0.436702346858043,1,7.18631284992642,3.90583747080817,5.16306206685199,6.69811641663434,2.81628818233637,4.11549781961237,2.83145543252512,1.46857586971133,7.82103902624453,10.3600873104599,-2.50590201792393,0.088708313364763,-9.36008731045992,0.488196433292077
"TCGA-29-1693-01",-0.587719857387201,-0.4881666022837,1,6.41920368504805,4.99408193324885,4.06621249055235,6.00684850461228,3.9445122011429,2.28339130893316,3.56475285335815,1,7.88486051300269,12.1756909123335,-2.71980671137316,0.0824986444040581,-11.1756909123335,0.41235518043577
"TCGA-29-1694-01",1.06157306935772,0.848984585886082,1,6.71318211305198,3.62246077852376,5.18592984148853,6.13165627604669,3.5349082914778,4.22651876635242,5.01059617624605,1.30805346110484,7.58540302477164,9.68235733022822,-2.41715814391231,0.113089003063171,-8.68235733022822,0.581525837005296
"TCGA-29-1695-01",-0.738493821956427,-0.4881666022837,1,7.21889808695497,4.75612327203704,4.50344571083243,7.58633850547123,4.79154031570983,3.88682200481266,1.42938709336884,1.37503744995465,9.2371004419757,10.6707551107008,-2.5448260029095,-0.0630980665196255,-9.6707551107008,-0.367440418516257
"TCGA-29-1696-01",-0.275359868492701,2.10958716689628,1,5.70112845748226,3.31094043932216,4.13248904004934,6.05379312100866,3.42094398996981,5.19706093361786,4.31830458573235,2.35261009187331,7.56908441486781,10.9512772200866,-2.57909290059306,-0.0739952007593232,-9.95127722008662,-0.352664663526406
"TCGA-29-1697-01",-0.486559125884616,-0.424860136486433,1,5.02677029995467,2.01698625079132,5.63995935290416,6.4399494458189,5.40254282390682,2.16546770283885,1,1,6.98962000153712,10.0635270649055,-2.46773948659519,-0.303907738321775,-9.06352706490552,-1.41317914586424
"TCGA-29-1698-01",-0.168023731796294,-0.4881666022837,1,7.42694185388913,4.00667851082024,5.91788416978588,6.11712697596427,4.21554306721814,3.74343133441295,4.82224705983717,1.84555990769358,7.60357883611472,10.2062766845939,-2.48623511335729,0.243714195409685,-9.20627668459386,1.30981487792486
"TCGA-29-1699-01",-0.614254003792593,-0.4881666022837,1,8.50776554984973,6.05995333045612,6.57213557654514,5.93504324138064,5.57974840688387,4.45115078658942,3.29414163537667,2.69149789191089,9.46173893488635,12.6080208232841,-2.76638534864575,0.455201450512373,-11.6080208232841,2.57272230846909
"TCGA-29-1701-01",-1.31217119112582,-0.4881666022837,1.2147903979402,6.83183560963469,4.94461127454894,4.88596633673813,8.39944184270743,3.3756410090416,3.86041052216328,4.13113779257965,4.82025086286824,9.33025792395732,12.4218495153824,-2.5993414095397,-0.26322460620711,-11.2070591174422,-1.56760623307274
"TCGA-29-1702-01",0.344592462329257,-0.172477491808887,1.36200698902265,6.49326558359635,1.92169934518269,3.16589553954491,5.60278340607088,1.84606921316528,1,2.19612590982681,1,4.3112357107982,5.91537180910509,-1.54979358724288,0.18252026439277,-4.55336482008244,0.890482177525474
"TCGA-29-1703-01",-0.00327790919511655,-0.4881666022837,1.03114321076817,7.04116880089075,3.83484651696711,5.19942512577026,5.87064351471307,4.70058099164644,4.29102356211371,3.82964685775272,1,7.90642128728333,9.11853403583476,-2.31663641969441,0.226959985081174,-8.08739082506659,1.17052528617768
"TCGA-29-1705-01",-0.254519992277289,-0.4881666022837,1,7.11609194436412,1.94184444516531,5.01857468723507,6.16105985999064,2.61597726048232,2.5631640488575,2.69289623608787,1.33808933256387,7.81634898876561,8.19845176991145,-2.20139105553534,0.180612082155804,-7.19845176991145,0.955032084373479
"TCGA-29-1710-01",-0.745239828085688,-0.4881666022837,1,8.32780881629646,4.29826996397909,7.29067505899748,8.50792930411978,5.09699788032171,5.43022990202572,6.94699873632796,4.77047936659697,11.2959572572133,10.732364341905,-2.55242187386488,-0.0275929569916266,-9.73236434190499,-0.180120487823326
"TCGA-29-1711-01",-0.364766650554523,-0.4881666022837,1,6.92374932318321,4.84563420965536,5.9731153680227,8.73385269016752,4.84097063004843,5.66565201560425,5.08194955782282,3.08800298912757,10.061875505023,11.8780704049121,-2.68684453726757,-0.296827701723091,-10.8780704049121,-1.81010336698431
"TCGA-29-1761-01",-1.00414725501038,0.391284494627675,1.76757763788222,7.21727711706751,3.42112788590499,6.21238812478736,8.16934937072427,4.34171408182632,4.18886733532703,4.55874844501247,3.63107815292588,9.78477616086954,11.009747501356,-2.11751012535185,-0.158158947565499,-9.24216986347378,-0.952072253656757
"TCGA-29-1762-01",0.544472565575988,2.17688862266439,1,7.7973264944971,2.48579705290015,2.88416478370916,2.99310027660142,4.0417259327864,3.22457388989962,1.97899055683415,1,3.53012699802332,6.78130511641473,-1.96001215097849,1.1395558536063,-5.78130511641473,4.80422621789568
"TCGA-29-1763-01",1.04774765598567,0.779817260610289,1.00315423223645,8.3862782517135,4.87629652839666,4.5349950480054,6.43214734226354,4.9620783317684,3.63499804272009,2.34028199296511,1,7.76834412775063,10.3835761589842,-2.50660844218307,0.336774125580022,-9.38042192674779,1.95413090944996
"TCGA-29-1770-01",-0.247871549790536,-0.4881666022837,1,6.45675593134758,3.25320399157992,2.9319004862974,5.18334257238785,2.75408930294446,1.9970992761756,3.63168575965192,1,7.37482414867704,7.85770807759426,-2.14693345128205,0.270161184474583,-6.85770807759426,1.27341335895973
"TCGA-29-1776-01",-0.226931502015891,-0.4881666022837,1.19515534202492,5.52665762701705,4.42753325522293,4.44868969839784,6.92457644483286,4.37993313313004,4.90157852265612,4.3742555537926,2.64648823924845,8.10281656185723,9.62973922009611,-2.27571126157537,-0.279989466784227,-8.43458387807119,-1.3979188178158
"TCGA-29-1778-01",0.197057353253021,-0.4881666022837,1,8.69279388934129,3.84391674349296,6.17971549099867,7.35865460235443,4.96727314847253,4.32025265264854,5.72355044111918,5.54479759800761,9.49388322830242,12.0006865958789,-2.70051591216513,0.213641826957104,-11.0006865958789,1.33413928698686
"TCGA-29-1781-01",-0.800678234292374,-0.347320661343453,1,8.55203131082304,6.30692423143424,6.2674761303835,9.74137789697633,6.93846507743994,6.5732508924135,3.66848505726467,3.88716352461609,10.8813096402382,12.4696909499348,-2.7516448447142,-0.169299602410501,-11.4696909499348,-1.18934658615329
"TCGA-29-1783-01",0.626387469221767,0.20116084287125,1.95497991843762,8.64578014660314,3.575530920058,6.05154130944833,7.48180129825343,3.91329719515659,4.56107475185742,5.01244908282395,3.9594083304318,8.91507274323626,11.0590926916342,-2.0289011338439,0.18552724200199,-9.10411277319661,1.16397884834971
"TCGA-29-1784-01",-0.840349085743829,-0.157627659498444,1,7.14546901304722,5.38732930564391,5.92429058818616,8.58818898009544,5.45868544690176,5.52542699641367,5.46840707182551,4.87109794638397,10.075189779799,12.7155317699903,-2.77773865342465,-0.235260573337491,-11.7155317699903,-1.44271996704822
"TCGA-29-1785-01",-0.122595812974195,-0.4881666022837,1,6.38368589585947,5.13628562308957,7.16644652891238,9.12898613591178,5.15159042374899,6.05467885662026,4.79794358854519,4.52429036262859,10.8137808579085,12.9320513638633,-2.80033579177722,-0.45607668761089,-11.9320513638633,-2.74530024005231
"TCGA-29-2425-01",0.203966790248338,-0.4881666022837,1,5.83950901992331,3.74719030337104,4.04811744652461,5.44450135813194,3.71596529768123,2.57685682995944,4.25231281061268,2.51807334123827,8.09735437882066,9.73658958437799,-2.424463897237,0.0858240290202269,-8.73658958437799,0.395007661791374
"TCGA-29-2427-01",-0.794285584694038,0.190331275354587,1.35560784471128,6.54933491806414,5.44640915607769,6.53528502788178,9.76066081959564,4.93106149901355,6.53832177116617,4.87879435176531,4.30469757440699,11.5810326239741,13.1640001560103,-2.58805747647014,-0.511345221030779,-11.808392311299,-3.2113259015315
"TCGA-29-2428-01",-0.819756343064288,-0.467544679376323,1,8.9683542577772,4.89113498001027,6.73575179422622,8.62173491901134,5.83672924545038,6.58501977643146,5.6130954085907,4.86628405158546,10.4820275678249,11.3288827615478,-2.62397016410061,0.0510582867265575,-10.3288827615478,0.346619338765855
"TCGA-29-A5NZ-01",1.1020143731325,-0.375105060738484,1,7.30395202628481,4.37950583271292,6.26098326760381,5.12017246851395,3.65231603810876,3.24275860857602,4.31568220305116,1.60147188509542,6.84236993050505,9.5823901666488,-2.40359361006357,0.440225799839445,-8.5823901666488,2.18377955777086
"TCGA-30-1718-01",-0.658042163509357,-0.364117796908019,1,5.81862607843398,5.05145007296771,5.7580732761275,7.2555117412837,3.17820844089507,3.47560306053505,3.73118605913526,2.52640041893325,9.0972820013121,11.496739555569,-2.64347983452824,-0.275876575284418,-10.496739555569,-1.43688566284972
"TCGA-30-1855-01",0.02155540193271,-0.4172936396669,1,6.61954840863949,3.57987296366208,6.9564708604839,7.60205995798429,3.61323262365556,4.98947735587935,4.68298095181914,5.8199276662277,9.20274354991843,11.5811927166219,-2.65319679331993,-0.174976691808256,-10.5811927166219,-0.982511549344791
"TCGA-30-1857-01",-0.64880070992788,-0.140428346238504,1,5.98123494044872,2.8730555214753,6.22201161862792,7.68141774959757,2.93314007595845,4.42789958658083,5.71631318781568,4.81939062577291,10.3737354276158,10.7493917508626,-2.55451416736039,-0.314448402826969,-9.7493917508626,-1.70018280914885
"TCGA-30-1860-01",-1.00045784387281,0.083505140812023,1,5.77624669851159,5.63969593344942,5.99306458061083,9.15139554635954,5.63476862572245,7.22828660961177,3.86211323933105,3.16249950990238,11.3482348437809,13.8554002377145,-2.89291557001608,-0.583119769144321,-12.8554002377145,-3.37514884784795
"TCGA-30-1861-01",-0.361116695875276,-0.4881666022837,1,6.4322670585699,2.18292506616471,4.33327346832581,4.11180767905974,1.62470246137703,3.64408631533395,2.3151606318001,1,6.42216789012776,7.20568212787005,-2.03662326811932,0.539968783066544,-6.20568212787005,2.32045937951016
"TCGA-30-1862-01",0.167563305290833,-0.4881666022837,1,5.25062594611191,2.84895304752732,4.99782066071577,7.28139240930284,3.80055080743447,4.14821576839596,2.87658471991565,1.72173429174716,8.29600811740255,9.3829816541151,-2.37614889310186,-0.405872688243539,-8.3829816541151,-2.03076646319093
"TCGA-30-1891-01",-0.465762182699272,-0.345733385712537,1,7.55137969276904,3.14224675662391,4.05120560456792,7.68353341966746,2.7515538466531,1.43471835642395,3.91090249184648,1.72411143167869,9.22706318216689,9.6573669117463,-2.41377913405386,-0.0221250042737262,-8.6573669117463,-0.132153726898419
"TCGA-31-1944-01",-0.308197573818362,0.00274382638869511,1,7.67987433000322,3.7732952432662,5.69865940532422,6.41952988247674,4.24145035088874,5.50418364497868,4.54724657872173,1.0840044107498,7.82968235042498,10.6485508152304,-2.54207857665722,0.226346377569015,-9.64855081523041,1.26034444752648
"TCGA-31-1946-01",-0.607824750758266,-0.4881666022837,1,8.33683854404525,5.39393462141187,6.32959447654583,7.26452234072068,4.90362818074114,7.41906314152159,2.94583118028132,1.18747832211141,8.85772818402592,10.9616156512861,-2.58034036190455,0.176002696293284,-9.96161565128608,1.07231620332457
"TCGA-31-1950-01",-0.0185873462683653,0.587594869161642,1,6.73020271358914,4.45594098174425,4.71930208938841,6.53131905645196,4.29121581278406,6.35634491381268,3.26283317463673,1.1108040333791,9.19399273989816,12.2008897842522,-2.72256327023357,0.0376036825711206,-11.2008897842522,0.198883657137171
"TCGA-31-1951-01",-0.0933225167005686,-0.4881666022837,1,8.77411790727501,5.60797012112893,7.14391386799854,7.21266571102861,6.11173854140893,5.00865047592065,4.98176477793066,1.59479272945779,9.1935778278498,12.3344449049058,-2.73708586356261,0.251115932526522,-11.3344449049058,1.5614521962464
"TCGA-31-1953-01",0.0863612802925135,-0.273294603005566,1,8.43810015559419,5.35344823088727,7.03966448999237,8.24682385203363,5.87933724536911,6.05491840326398,5.35249978698346,2.50563806271502,10.7700133549648,11.7728075590063,-2.67500376998774,0.0295385750106731,-10.7728075590063,0.191276303560563
"TCGA-31-1956-01",-0.456018666228212,-0.4881666022837,1,10.5664646743245,6.60513816100731,7.58678363956886,10.051884054407,6.82292790018403,7.9587119218601,6.0368606409018,4.75028505335229,11.3571638809558,12.9681788078776,-2.80407202715086,0.0656556356320636,-11.9681788078776,0.514580619917549
"TCGA-31-1959-01",0.551761115727486,-0.128880822663743,1,8.35188026432347,6.10593717370106,6.11342948416786,7.76717945811684,5.06729504630682,4.3614742000625,4.43970145878612,2.50792148069605,9.38154827379301,10.1401343160607,-2.47769472217451,0.0931436793746212,-9.14013431606074,0.584700806206631
"TCGA-36-1568-01",0.106992540908329,-0.0435656915205316,1,6.86474174344089,2.41684178550838,6.42843198104371,7.16037489897219,4.84711110580327,6.46206806616441,4.10491041939318,1,8.84319158142978,10.1269792220756,-2.47599007455322,-0.0532360408674555,-9.12697922207556,-0.2956331555313
"TCGA-36-1569-01",0.0107236700697636,-0.4881666022837,1,8.05236708517353,4.41634356059006,6.60268007267354,8.89919077121909,4.45928097482729,5.71113695611048,6.46448480550977,4.58469050145497,9.51437675789514,10.4244307410157,-2.51405037504385,-0.129015505136713,-9.42443074101572,-0.846823686045559
"TCGA-36-1570-01",-0.404099752563771,0.336980758490128,1,6.43381983849641,3.92200555076008,4.39256580811916,5.04922825282629,5.21484921725933,2.37705301571268,1.69672767168723,1,7.18126851019692,10.7599057243365,-2.55580458945132,0.297352626068634,-9.75990572433651,1.38459158567013
"TCGA-36-1571-01",-0.194161095493069,0.132515694519594,1.53986276223247,7.09285454709529,2.7789548707887,4.55968997868658,5.14865585990481,3.40602253080195,2.45640119989518,2.09418181094129,1,5.95120622974167,9.50184874964789,-2.04782087255913,0.396377604657718,-7.96198598741542,1.94419868719048
"TCGA-36-1574-01",-0.739913626955382,-0.348714376721611,1,7.46274669127174,4.91308031105023,5.5377593692969,6.39325125923862,4.35227318747902,4.44120409566561,4.26510931137571,5.84000143612563,8.94496626795268,11.7237912877003,-2.66945670709675,0.194917040154641,-10.7237912877003,1.06949543203312
"TCGA-36-1575-01",0.59791515625394,-0.4881666022837,1.94624842548359,6.27633238762372,2.87820685250243,4.48287094948656,5.18398863461056,4.14605072447752,2.05326615051625,1,1,5.1532143280169,6.5542265731324,-1.35840497255019,0.234673779973919,-4.6079781476488,1.09234375301316
"TCGA-36-1576-01",-0.360497134568335,-0.089403502455707,1,9.80820085701932,4.59143208469457,7.14744767400694,8.79156529977644,4.87963705582376,5.51344830623191,4.69358307870068,4.36730058908651,10.2042705833224,10.8861177296675,-2.57120567063106,0.142514975148854,-9.8861177296675,1.01663555724287
"TCGA-36-1577-01",1.47279953945138,4.0719494127358,2.93228856070302,7.51319490976267,2.70667018188786,4.1900991817657,6.64471916261859,2.49015760567039,2.33716256537414,1.10489700801908,1,4.75975030069166,5.44931589195743,-0.713776941515523,0.155237157812114,-2.51702733125442,0.868475747144085
"TCGA-36-1578-01",-0.925069889155618,-0.4881666022837,1,7.81324835051153,4.13218591948623,6.55720852263122,8.41508295727418,5.51993242545184,5.09356586152878,4.35763050740002,2.63210089191678,9.81652769337085,11.7676338074979,-2.67441927376554,-0.0952999469153654,-10.7676338074979,-0.601834606762649
"TCGA-36-1580-01",0.0429081118273792,-0.4881666022837,1,9.5979511315579,4.61245872302737,6.330265825694,8.09424397093257,4.65216562768101,6.17289768188738,6.35142057879776,6.10666678777087,9.46639055391092,10.2796620936191,-2.49565194425865,0.220759767228349,-9.27966209361906,1.50370716062534
"TCGA-36-1581-01",-0.474151503055532,-0.4881666022837,1,7.5144372606143,5.4389786914566,6.92561488568926,9.37399020131117,6.18012418471988,7.48446017155491,5.97333423734858,3.19509438319726,10.8654602212796,12.7503487625334,-2.78139630636803,-0.28498782510113,-11.7503487625334,-1.85955294069687
"TCGA-3P-A9WA-01",0.470073506360606,0.43271593761469,1,6.1896623394261,3.70401480239311,4.78574382336215,4.87850357340428,3.19098084998062,2.25358032888656,4.55236984340806,4.68164710589286,6.71106596025505,8.57478292787253,-2.25923977973402,0.290475065825856,-7.57478292787253,1.31115876602182
"TCGA-57-1582-01",-0.798867535200681,-0.4881666022837,1,7.50347118084689,3.54675210909079,4.76677974601021,6.18773290193748,2.51918427029447,2.53839892463812,2.80935455716965,1.85230432397724,7.49342200979048,8.67489180607669,-2.27424552774703,0.242515081529148,-7.67489180607669,1.31573827890942
"TCGA-57-1583-01",-0.121575184049452,-0.4881666022837,1,4.72905068441027,3.55786748280488,3.13655544720648,4.41265063812118,4.06866478610755,1,1.54576038650908,1,7.13452542158457,9.69349385534553,-2.41866139268343,0.0819608295417807,-8.69349385534553,0.316400046289087
"TCGA-57-1584-01",0.53495316801583,1.51205827399782,1,6.51582777167481,3.88422935715927,2.6852722690068,6.10171313417704,3.76887009601041,2.75865026513483,3.29831136199358,1.26894995790942,7.84623179540658,8.51697280820539,-2.25050274904776,0.081764921708438,-7.51697280820539,0.414114637497777
"TCGA-57-1585-01",-0.129273021263825,-0.4881666022837,1,7.95527309116615,2.761333087608,6.04905990237145,7.54234250488417,4.07329888375576,4.2933597103745,5.96201941578063,4.13614542577787,8.82288423569842,8.92066798413453,-2.31043726425665,0.0681056839453656,-7.92066798413453,0.412930586281982
"TCGA-57-1993-01",0.725467341080354,1.05406961217098,1.09089671673348,8.70778394598912,3.28875724855798,4.42392303869477,4.16480914681584,4.90985773397101,3.18665673371595,1.54303089315103,1,7.25927565961428,7.86726766005385,-2.08436782478892,0.910426961860003,-6.77637094332037,4.54297479917328
"TCGA-57-1994-01",0.0556047124971383,-0.374745530946546,1,7.23008840970245,4.68627419702481,6.43729843468192,9.00776675799022,4.97568504983838,6.71540244501954,4.73172898658735,2.28854153084862,9.91238932958052,10.8250368042055,-2.5637727686983,-0.282140237773971,-9.8250368042055,-1.77767834828777
"TCGA-59-2348-01",-1.02365812918108,-0.20724802558079,1.59636925554174,7.06549571106419,4.34648478328975,5.04062922559263,6.42451676806999,4.05106862626035,3.46480243577309,2.16103066730714,1,7.65671441309653,9.52222873814291,-2.01887283456669,0.119466075409937,-7.92585948260117,0.640978942994201
"TCGA-59-2350-01",-0.278913948908761,-0.4881666022837,1,5.97104744435684,3.21391271190719,4.30353637686212,6.08337163261561,5.3261656239332,2.75157381337741,1.53094342049018,1,7.63252594252183,10.1628313664901,-2.48063109699277,-0.0230607894701309,-9.16283136649006,-0.112324188258777
"TCGA-59-2351-01",1.4361355314635,1.84592643339546,1,8.55447859539152,3.95198071526971,5.96684153250483,7.37865129506327,4.79753173162276,4.97111559551556,5.34819792980086,4.52129034728859,9.23164602793781,11.4167930424404,-2.63422070329329,0.189459111836392,-10.4167930424404,1.17582730032825
"TCGA-59-2352-01",0.624912459365746,1.2022702048974,1,7.69853041115541,4.91499885618206,5.77206968561571,7.05826699180866,6.27569629678819,5.00084578430339,4.31183553230081,1.3630022631909,9.23952907058372,12.0957885035822,-2.7110310225377,0.110302076242865,-11.0957885035822,0.64026341934675
"TCGA-59-2354-01",0.669453496054663,0.285066628561047,1,8.32644922202279,4.64194643707842,6.49957733896911,7.97462572218985,5.18955361651791,5.12862533626324,5.72534210080493,2.71151840663899,10.1728314857154,10.7300728804096,-2.55214007192632,0.0554761468279912,-9.7300728804096,0.351823499832945
"TCGA-59-2355-01",0.029303277871364,0.401765187980708,1,6.92206129461664,2.8531731313963,5.35206340187978,7.6119496164943,4.9845925071128,4.02980134601439,4.15953353324476,2.98470769374189,8.6993156805734,10.5374845033865,-2.52825680499872,-0.120464015446896,-9.53748450338651,-0.689888321877669
"TCGA-59-2363-01",1.05853456462871,1.26645923743926,1,5.60571643103366,2.5925491395447,1.66848473152172,5.24671150057156,2.28302188046371,4.00435260719164,3.11173402590077,1,6.21706433367884,8.34340591841626,-2.22394854628536,0.0806181374953566,-7.34340591841626,0.359004930462096
"TCGA-59-A5PD-01",-0.97235629469029,-0.457938831183041,1,6.31239979618513,3.06914200098982,5.00461397226118,5.19161913317751,2.8960784590032,3.1219023749058,3.51894507465035,2.27784578096203,8.32429562124099,8.39752138864756,-2.23228029382888,0.240028220771246,-7.39752138864756,1.12078066300762
"TCGA-5X-AA5U-01",0.750926191619377,0.733447439617896,1,3.95340634658295,3.13974453877826,3.12949466892031,2.3316853416088,3.91142721986234,1,4.02317623084513,1,4.88805451153583,6.95187674060393,-1.99129539433762,0.572168822592653,-5.95187674060393,1.62172100497415
"TCGA-61-1721-01",1.77247361299902,-0.4881666022837,1,10.6128493623928,3.07312868835536,3.70522534540187,7.12185721384676,4.02835311036811,2.70217706059677,3.9883699638189,1.84375325622317,8.548086624299,6.57288884984805,-1.92084375388488,0.515840430150749,-5.57288884984805,3.49099214854604
"TCGA-61-1724-01",-0.364265790629094,-0.4881666022837,1.43944569202809,7.30954799482417,3.35754838177559,4.85828981658009,6.25722494530397,4.64566631129286,3.35962092147669,3.42075036214338,1.91623113320608,8.02149663910143,10.5433692647937,-2.24243910670287,0.195352013884568,-9.1039235727656,1.0523230495202
"TCGA-61-1725-01",-0.613577338133738,-0.4881666022837,1,6.6415346143865,4.5998169985507,4.56787349485765,7.08794353882052,4.20109970395491,4.72672045536352,3.58029948513559,4.35822027043872,8.76106728461557,11.1501429539256,-2.60290138301524,-0.0819105287638077,-10.1501429539256,-0.44640892443402
"TCGA-61-1728-01",0.0409030196750994,0.101921772794629,1,6.68423797860514,2.94725540337283,4.89914267432807,5.71747065446508,2.66212009334795,2.19015047597001,3.16436780985219,2.64187763635318,7.18189396303523,9.21021359586456,-2.35194114234414,0.193984085757083,-8.21021359586457,0.966767324140057
"TCGA-61-1733-01",-0.334625819647671,-0.4881666022837,1,5.39964273575792,3.17815582201683,2.77350903640238,6.99840953912049,3.29371779919188,3.94812362881384,2.71045482333081,2.4736652263818,7.50568271773673,9.90115288083101,-2.4464088140642,-0.321721784766163,-8.90115288083101,-1.59876680336257
"TCGA-61-1736-01",0.802523205038206,0.595395919536323,1,7.86994346799011,3.71335636539549,3.90109901143399,6.44127927041986,5.05067562209473,2.79528443934426,3.16250047658609,2.05535481789355,7.904613241461,8.7947196891158,-2.2920042052127,0.253374245498132,-7.7947196891158,1.42866419757025
"TCGA-61-1737-01",-0.484224393866903,-0.4881666022837,1,7.4093498883427,5.09992280660626,5.33662129062874,6.8684034478901,4.50505859533497,4.09550116580224,3.54054414493621,1,8.35194911071727,10.8865629402664,-2.57125970771104,0.095923339765739,-9.88656294026645,0.540946440452597
"TCGA-61-1738-01",-1.07275785274747,-0.4881666022837,1,5.73745876467752,5.23429064252194,3.84625137361749,6.53064246970526,4.34912181041358,4.16195483843044,2.2620275591125,1.64935338166702,8.74418545558476,11.2810173449392,-2.61835817169521,-0.160568414169044,-10.2810173449392,-0.793183705027737
"TCGA-61-1740-01",-0.471266201461127,-0.271600124659227,1,6.2908766540712,5.5077718430229,6.90610878019652,8.35200136257845,5.8621707225871,6.07094868836136,4.62557086704489,2.87794499458671,10.3919996344164,12.4049493974693,-2.74469386816846,-0.359182845620803,-11.4049493974693,-2.06112470850725
"TCGA-61-1741-01",0.155366518432794,-0.266096149732712,1,7.36259047121678,4.83124057174826,6.58432771436496,6.80705283124385,5.2063640976585,4.86144482796941,3.98000729394516,2.36361814155282,8.84781195473333,11.0280770535103,-2.5883341100437,0.0991718811326238,-10.0280770535103,0.555537639972931
"TCGA-61-1743-01",-0.329049953986043,-0.4881666022837,1,5.97641625975984,3.55642500882315,4.0902438808504,4.61090848816661,5.45092433263311,4.1294299903648,3.6059702972814,2.21588636817347,7.06266731333452,12.8269942705672,-2.78941567059244,0.314251740360523,-11.8269942705672,1.36550777159322
"TCGA-61-1900-01",1.82217835700915,1.84077789326941,1,6.2755291668941,1.9694791571378,4.4404694511701,5.92134333161608,2.91256251882496,3.17555262973583,2.84483151954151,2.19491312250532,6.26336339637938,7.88531996443456,-2.15142372929745,0.0720001114818654,-6.88531996443456,0.354185835278015
"TCGA-61-1907-01",-1.48339405102536,-0.4881666022837,1,8.62185729043135,5.70341319213552,6.78590564233363,8.91158514780957,5.19219978601594,5.91888824754551,5.1323785035789,7.06983385181117,10.425693302637,13.1175520261052,-2.8194180428466,-0.0428004025358891,-12.1175520261052,-0.289727857378221
"TCGA-61-1910-01",-0.205388549764712,-0.4881666022837,1.83964493459053,5.17891999140133,4.06345947162765,4.35015701430498,3.87758108017925,3.61346154292881,1,1.96114364853155,1.04094216015611,7.22102642111944,10.8339592235715,-2.059150375637,0.341188837628568,-8.99431428898094,1.30133891122208
"TCGA-61-1914-01",-1.21453091074982,0.581337256675203,1,7.99044348089016,4.91916505453652,4.31086866230958,6.21658546671,2.84554311236186,3.50332132496595,2.86513319692324,1.25422202965604,8.45945017678901,12.2843886517702,-2.73165993134554,0.317075896585739,-11.2843886517702,1.77385801418016
"TCGA-61-1917-01",-0.356475794171323,-0.4881666022837,1,7.4232278279102,4.46060112793062,6.08294243064179,7.83171753452144,4.38476918958537,4.52769883327686,3.4947471725347,2.60127295441278,9.63026860706952,11.9914074555615,-2.69948583199831,-0.068320842994322,-10.9914074555615,-0.408489706611241
"TCGA-61-1918-01",0.153769489280914,-0.4881666022837,1.16117360200443,7.91018946669163,3.34831979941127,5.38548788655182,6.19366095022011,4.62654099811175,2.95181533389785,4.07870963738146,1.35039244844419,8.0200489953614,10.6594757088437,-2.43161604611713,0.308729945265577,-9.49830210683927,1.71652851647152
"TCGA-61-1919-01",-0.578960055239972,-0.4881666022837,1,8.04737612353036,4.80598215907078,6.06717279201786,6.86891512817952,4.63125147350756,4.84750116383949,7.63710031920852,1,9.09584303671405,12.1588635713676,-2.71796299499802,0.201334701464522,-11.1588635713676,1.17846099535084
"TCGA-61-1995-01",-0.283442390776567,-0.4881666022837,1,8.93495265305665,3.44688153686692,5.82537769320161,6.95940103199511,4.67027989592057,3.22057443516689,5.31362960077305,7.42071625121836,8.84387361396379,9.0294484750744,-2.32617036841949,0.319853224179381,-8.0294484750744,1.97555162106154
"TCGA-61-1998-01",-0.331374839878069,-0.4881666022837,1,9.17115913659492,3.92282675697583,3.68641990924446,3.95539923165121,4.03980241855076,2.43073365597122,2.56046584320159,2.38243642307057,7.95911617148634,9.27115522927088,-2.36052655013747,1.03741090462406,-8.27115522927088,5.21575990494372
"TCGA-61-2000-01",-0.178371188602396,-0.133416575731834,1.09728266537159,7.45990864606131,4.84080750274334,5.47195356223138,5.84728701968824,4.08097565899218,4.53158445548905,2.52900558941504,1.53798336419737,8.05197599374842,10.6738994384636,-2.47669332399784,0.30510959699441,-9.57661677309198,1.61262162637307
"TCGA-61-2002-01",-0.195861068425436,-0.0122604190670279,1,8.30931776501743,4.32967236592294,7.33621210443267,9.225966412465,4.91488616372791,6.23370611173475,5.95838140896073,2.6178144860015,10.319616051045,13.0706822106721,-2.81462037357506,-0.135489843952305,-12.0706822106721,-0.916648647447574
"TCGA-61-2003-01",0.835114362035696,-0.4881666022837,1,8.07676036593508,2.53599939095943,5.37444283909326,7.93735958074261,4.2664493943325,3.9806664178787,5.35209870961933,2.80510865995331,9.97526709849217,9.15977980765104,-2.344797229886,0.0223287994809741,-8.15977980765104,0.139400785192474
"TCGA-61-2008-01",1.00721220212189,1.64961184414866,1,7.50925227339883,3.70003125645359,5.40731191320341,6.89773601625958,3.3882050165913,4.61240744811684,3.68840139604755,3.00417367356006,7.90305939269717,9.11449218072403,-2.33835198307398,0.107593218540605,-8.11449218072403,0.611516257139244
"TCGA-61-2009-01",-0.697306274276212,0.0851262954866171,1,9.59884622377149,4.69539022980135,5.47635964987521,7.92953221861627,2.75386087891143,4.28224270946033,4.76244918796202,4.11393624079355,9.01310822945476,10.572905570287,-2.53267921737796,0.247250717890294,-9.57290557028697,1.66931400515522
"TCGA-61-2012-01",-0.225774835145149,-0.4881666022837,2.03392540186512,8.98280621445357,4.70156335294221,5.44270631000678,8.88179073513659,5.62927177710731,5.82773410699309,5.08926881068375,2.75262684571196,9.97405967865468,11.181128998358,-2.00539033633722,0.0146729166113337,-9.14720359649292,0.101015479316976
"TCGA-61-2016-01",0.0417424801703772,0.0710181640802704,1,7.92838450244783,3.86247946325719,5.16807677702022,7.49431186627494,3.77430626138105,5.51390536518799,4.23095307576004,1.9590881724235,8.38338192222601,9.13881439135026,-2.34181705179225,0.0719020806194516,-8.13881439135026,0.434072636172895
"TCGA-61-2088-01",0.903808852998205,-0.421820012203551,2.08747513184131,4.43704867528071,1,4.12062615774325,4.90034131105146,1.99789306418036,4.86699561855621,1.29862800352522,1,4.90043059513247,6.42917278119173,-1.26677406290159,-0.117974667054785,-4.34169764935043,-0.463292635770755
"TCGA-61-2092-01",-1.18697293096703,1.73041963328791,1,5.53364297578537,1,1.98660073548049,3.1611046972871,1.68362522207805,1,2.57751864598786,1,4.94301677309862,6.03169872402308,-1.81387325895272,0.650921033943726,-5.03169872402308,2.37253827849827
"TCGA-61-2094-01",-0.416645180142242,-0.4881666022837,1,8.24015323781028,6.42391231175368,6.28123955289296,10.6528690234762,7.23740851051983,8.50169697439721,6.00314986674103,3.97995290541409,11.1917945318264,12.068976839261,-2.70807429289107,-0.334696518451039,-11.068976839261,-2.41271578566597
"TCGA-61-2095-01",1.93794655993749,1.31748747702633,1,11.0751319031501,5.3117471858249,5.90523916456855,4.89302674325139,5.38204754373536,4.65679725609032,7.2360257901264,5.76257896839303,8.07083746158961,6.67573100414437,-1.94030415319731,1.03495823004227,-5.67573100414437,6.18210515989867
"TCGA-61-2097-01",1.33375112916593,2.7464033920775,1,7.7791973083509,4.27911726193781,3.94101413885589,3.17190646363102,3.759891589011,3.10782968383873,4.30674893432615,3.93981633264825,7.16749287144583,10.38169646232,-2.50864370484878,1.07338222637121,-9.38169646232,4.60729084471989
"TCGA-61-2098-01",2.43334835387977,2.29375421644908,1,6.15464042583668,1.86223041141749,2.14609899951745,4.18965434822849,2.16968732610819,4.17783856807951,1.97435863754078,1.14764256309581,4.35475584510886,5.50982572828351,-1.70261892214568,0.463240810050506,-4.50982572828351,1.9649860776082
"TCGA-61-2101-01",-0.266820281163176,-0.4881666022837,1,7.63175431844448,2.72131678270619,4.41463528688391,4.77408659085162,2.47836633664867,3.12804341533024,4.19616367819575,1.53855488290296,6.84345051337998,9.14790481441058,-2.34310998723573,0.580061059608351,-8.14790481441058,2.85766772759287
"TCGA-61-2102-01",0.578966691316328,-0.460717529650957,1,9.71209515917491,2.78704624624719,2.66560402596621,5.95996110216402,2.49307176471354,6.45186415452579,1.16273241491208,1,5.95477132904647,6.17281540098425,-1.84253950216181,0.622089533507192,-5.17281540098425,3.75213405701089
"TCGA-61-2104-01",-0.411630968105951,-0.4881666022837,1,6.48138348657261,5.32321224448653,5.7942297736687,6.6490750681358,6.22290781557895,4.57372039571294,4.89448975302424,3.84862184246755,9.1959325077632,12.4109555886914,-2.74534013406476,-0.0319802230214293,-11.4109555886914,-0.167691581563189
"TCGA-61-2109-01",0.0427416043086627,-0.151118335111178,1,7.36478851151743,3.04730367274022,4.3559978164724,5.57789485398423,3.64903688014243,4.09697482318851,3.13878882176521,1,7.96231932138308,9.00147696227732,-2.32214115976862,0.346703117565675,-8.00147696227732,1.7868936575332
"TCGA-61-2110-01",0.394947968589015,-0.201167688954475,1,6.53696057617426,1.18892039331722,3.76951402362479,4.2350098959021,3.59371012777151,1.81436087825529,2.93701412822011,2.91154568905821,6.24095258550628,5.7177193272031,-1.74797151964041,0.52579058201254,-4.7177193272031,2.30195068027216
"TCGA-61-2111-01",-0.0260598531498486,2.14556492881231,1,6.1256560873828,4.18705729648624,5.78126763537563,6.79275953343548,4.01154988628074,3.65321828505838,4.42280143075649,1,8.33959072578939,7.21529178514117,-2.0383118167457,-0.129111443862895,-6.21529178514117,-0.667103446052685
"TCGA-61-2113-01",0.838933414801172,-0.183929910136651,1,8.98533662366725,5.86691045033584,6.52978450453702,6.84244545858897,6.16757254528448,7.11281525324869,3.32514200211293,1.69555689591613,9.01292753629329,11.2877820609018,-2.61915262829503,0.348507473660859,-10.2877820609018,2.14289116507828
"TCGA-OY-A56P-01",0.892032943262306,-0.4881666022837,1,3.84117453531074,2.90541450825677,3.95061957724895,4.56666077626218,4.64937182977267,2.32983933077954,1,1,4.5327591695781,7.14012269935025,-2.02505054097924,-0.20145506270626,-6.14012269935025,-0.725486240951447
"TCGA-OY-A56Q-01",-0.108292958275263,-0.388706969255451,1,3.72276868301516,2.58820749055061,1,2.75221706607977,1.9571308300442,2.21050423519157,1.2622921391926,1,3.14753598540553,3.18329528497997,-1.06463983664815,0.331889585006933,-2.18329528497997,0.97055161693539
"TCGA-VG-A8LO-01",-0.401253545318492,-0.25897219069627,1.06992921729604,3.21001375115725,1.93247443921184,3.73932143256631,4.99743052095038,1.65997179167963,5.55806943424861,1.86131161198845,1,6.12881858187129,9.41174009350837,-2.3305578638578,-0.510519593707511,-8.34181087621233,-1.78741676979313
"TCGA-WR-A838-01",0.745603302340752,-0.202681354871708,1,4.10263122970054,2.036597294393,2.38072609843354,5.16954591945566,4.56940161625024,2.30645050791091,1.02130153087669,1,5.86145573169257,9.61346934681641,-2.40782441855784,-0.273922929436247,-8.61346934681641,-1.06691468975512
